pipe_id,pipe_name,type,direction,from_junction_id,from_junction_name,to_junction_id,to_junction_name,length_m,diameter_mm,p_from_bar,p_to_bar,p_mean_bar,color_pressure_hex,pressure_vmin_bar,pressure_vmax_bar
0,pipe_S_456035.5_5734244.5_to_456014.0_5734234.3,trunk,supply,24,S_456035.5_5734244.5,20,S_456014.0_5734234.3,23.752136746223382,150.0,7.917868699643895,7.9103671194332,7.914117909538548,#cf1f20ff,5.000871123030201,7.999116923563019
1,pipe_R_456014.0_5734234.3_to_456035.5_5734244.5,trunk,return,21,R_456014.0_5734234.3,25,R_456035.5_5734244.5,23.752136746223382,150.0,5.088419601356451,5.081019563250136,5.084719582303293,#d9e9f6ff,5.000871123030201,7.999116923563019
2,pipe_S_456361.4_5734082.7_to_456367.1_5734079.9,trunk,supply,174,S_456361.4_5734082.7,178,S_456367.1_5734079.9,6.354919354362273,100.0,7.736245609328778,7.73622251428662,7.736234061807699,#d82d28ff,5.000871123030201,7.999116923563019
3,pipe_R_456367.1_5734079.9_to_456361.4_5734082.7,trunk,return,179,R_456367.1_5734079.9,175,R_456361.4_5734082.7,6.354919354362273,100.0,5.2604197894078375,5.260393961124539,5.260406875266188,#cee3f2ff,5.000871123030201,7.999116923563019
4,pipe_S_456473.8_5734217.0_to_456502.2_5734222.1,trunk,supply,212,S_456473.8_5734217.0,214,S_456502.2_5734222.1,28.92672293917086,100.0,7.633004276765423,7.624015767277837,7.628510022021629,#dd362dff,5.000871123030201,7.999116923563019
5,pipe_R_456502.2_5734222.1_to_456473.8_5734217.0,trunk,return,215,R_456502.2_5734222.1,213,R_456473.8_5734217.0,28.92672293917086,100.0,5.3714450333377615,5.362512069145562,5.366978551241662,#c7dfefff,5.000871123030201,7.999116923563019
6,pipe_S_456502.2_5734222.1_to_456526.7_5734226.5,trunk,supply,214,S_456502.2_5734222.1,216,S_456526.7_5734226.5,24.81145904609925,100.0,7.624015767277837,7.616351159967219,7.620183463622528,#de372eff,5.000871123030201,7.999116923563019
7,pipe_R_456526.7_5734226.5_to_456502.2_5734222.1,trunk,return,217,R_456526.7_5734226.5,215,R_456502.2_5734222.1,24.81145904609925,100.0,5.379062652053715,5.3714450333377615,5.375253842695738,#c6dfefff,5.000871123030201,7.999116923563019
8,pipe_S_456113.4_5734208.7_to_456130.6_5734213.0,trunk,supply,54,S_456113.4_5734208.7,64,S_456130.6_5734213.0,17.773038569761564,100.0,7.841220395092042,7.841205901295929,7.841213148193985,#d32524ff,5.000871123030201,7.999116923563019
9,pipe_R_456130.6_5734213.0_to_456113.4_5734208.7,trunk,return,65,R_456130.6_5734213.0,55,R_456113.4_5734208.7,17.773038569761564,100.0,5.156700234018885,5.156682238016537,5.156691236017711,#d4e6f4ff,5.000871123030201,7.999116923563019
10,pipe_S_455964.4_5734213.6_to_455928.6_5734199.3,trunk,supply,16,S_455964.4_5734213.6,14,S_455928.6_5734199.3,38.5819348919862,150.0,7.89337569102118,7.881190451336499,7.887283071178839,#d12122ff,5.000871123030201,7.999116923563019
11,pipe_R_455928.6_5734199.3_to_455964.4_5734213.6,trunk,return,15,R_455928.6_5734199.3,17,R_455964.4_5734213.6,38.5819348919862,150.0,5.1172013312942415,5.105181032174775,5.111191181734508,#d7e8f5ff,5.000871123030201,7.999116923563019
12,pipe_S_456635.7_5734244.9_to_456646.1_5734246.2,trunk,supply,242,S_456635.7_5734244.9,244,S_456646.1_5734246.2,10.473662205792136,100.0,7.598896139360889,7.598481888184466,7.5986890137726775,#df392fff,5.000871123030201,7.999116923563019
13,pipe_R_456646.1_5734246.2_to_456635.7_5734244.9,trunk,return,245,R_456646.1_5734246.2,243,R_456635.7_5734244.9,10.473662205792136,100.0,5.3969359649376205,5.396512096270782,5.396724030604201,#c5deefff,5.000871123030201,7.999116923563019
14,pipe_S_456646.1_5734246.2_to_456648.1_5734246.4,trunk,supply,244,S_456646.1_5734246.2,246,S_456648.1_5734246.4,1.9734487578499145,100.0,7.598481888184466,7.5984272794681935,7.59845458382633,#df392fff,5.000871123030201,7.999116923563019
15,pipe_R_456648.1_5734246.4_to_456646.1_5734246.2,trunk,return,247,R_456648.1_5734246.4,245,R_456646.1_5734246.2,1.9734487578499145,100.0,5.396992315836408,5.3969359649376205,5.3969641403870146,#c5deefff,5.000871123030201,7.999116923563019
16,pipe_S_456106.6_5734318.8_to_456118.2_5734324.3,trunk,supply,48,S_456106.6_5734318.8,56,S_456118.2_5734324.3,12.864046797181997,150.0,7.998233847126037,7.994171026171684,7.99620243664886,#cb181dff,5.000871123030201,7.999116923563019
17,pipe_R_456118.2_5734324.3_to_456106.6_5734318.8,trunk,return,57,R_456118.2_5734324.3,49,R_456106.6_5734318.8,12.864046797181997,150.0,5.005750072283269,5.001742246060404,5.003746159171836,#deebf7ff,5.000871123030201,7.999116923563019
18,pipe_S_456764.3_5734258.9_to_456727.9_5734211.4,trunk,supply,268,S_456764.3_5734258.9,262,S_456727.9_5734211.4,59.913312376992934,100.0,7.596500985848552,7.5965005165725055,7.596500751210529,#df392fff,5.000871123030201,7.999116923563019
19,pipe_R_456727.9_5734211.4_to_456764.3_5734258.9,trunk,return,263,R_456727.9_5734211.4,269,R_456764.3_5734258.9,59.913312376992934,100.0,5.399009514756265,5.399008732999753,5.399009123878009,#c5deefff,5.000871123030201,7.999116923563019
20,pipe_S_456130.6_5734213.0_to_456159.5_5734225.3,trunk,supply,64,S_456130.6_5734213.0,86,S_456159.5_5734225.3,31.32973348098858,100.0,7.841205901295929,7.84118035210424,7.841193126700084,#d32524ff,5.000871123030201,7.999116923563019
21,pipe_R_456159.5_5734225.3_to_456130.6_5734213.0,trunk,return,87,R_456159.5_5734225.3,65,R_456130.6_5734213.0,31.32973348098858,100.0,5.156731956785652,5.156700234018885,5.156716095402269,#d4e6f4ff,5.000871123030201,7.999116923563019
22,pipe_S_456690.3_5734251.4_to_456692.4_5734251.6,trunk,supply,252,S_456690.3_5734251.4,254,S_456692.4_5734251.6,2.1204244857870798,100.0,7.597553048989558,7.597515789236051,7.5975344191128045,#df392fff,5.000871123030201,7.999116923563019
23,pipe_R_456692.4_5734251.6_to_456690.3_5734251.4,trunk,return,255,R_456692.4_5734251.6,253,R_456690.3_5734251.4,2.1204244857870798,100.0,5.397940394932272,5.3979014505603695,5.397920922746321,#c5deefff,5.000871123030201,7.999116923563019
24,pipe_S_456692.4_5734251.6_to_456705.1_5734252.9,trunk,supply,254,S_456692.4_5734251.6,256,S_456705.1_5734252.9,12.73550156058579,100.0,7.597515789236051,7.597305020473883,7.597410404854967,#df392fff,5.000871123030201,7.999116923563019
25,pipe_R_456705.1_5734252.9_to_456692.4_5734251.6,trunk,return,257,R_456705.1_5734252.9,255,R_456692.4_5734251.6,12.73550156058579,100.0,5.398161108253675,5.397940394932272,5.398050751592974,#c5deefff,5.000871123030201,7.999116923563019
26,pipe_S_456705.1_5734252.9_to_456705.3_5734252.9,trunk,supply,256,S_456705.1_5734252.9,258,S_456705.3_5734252.9,0.1513274594682126,100.0,7.597305020473883,7.597302666336137,7.59730384340501,#df392fff,5.000871123030201,7.999116923563019
27,pipe_R_456705.3_5734252.9_to_456705.1_5734252.9,trunk,return,259,R_456705.3_5734252.9,257,R_456705.1_5734252.9,0.1513274594682126,100.0,5.398163578385071,5.398161108253675,5.398162343319373,#c5deefff,5.000871123030201,7.999116923563019
28,pipe_S_456705.3_5734252.9_to_456720.8_5734254.5,trunk,supply,258,S_456705.3_5734252.9,260,S_456720.8_5734254.5,15.589259122909743,100.0,7.597302666336137,7.59707307193326,7.597187869134698,#df392fff,5.000871123030201,7.999116923563019
29,pipe_R_456720.8_5734254.5_to_456705.3_5734252.9,trunk,return,261,R_456720.8_5734254.5,259,R_456705.3_5734252.9,15.589259122909743,100.0,5.398404921123738,5.398163578385071,5.398284249754404,#c5deefff,5.000871123030201,7.999116923563019
30,pipe_S_456720.8_5734254.5_to_456730.6_5734255.5,trunk,supply,260,S_456720.8_5734254.5,264,S_456730.6_5734255.5,9.8807337783778,100.0,7.59707307193326,7.596935789778483,7.597004430855872,#df392fff,5.000871123030201,7.999116923563019
31,pipe_R_456730.6_5734255.5_to_456720.8_5734254.5,trunk,return,265,R_456730.6_5734255.5,261,R_456720.8_5734254.5,9.8807337783778,100.0,5.398549512362334,5.398404921123738,5.398477216743036,#c5deefff,5.000871123030201,7.999116923563019
32,pipe_S_456730.6_5734255.5_to_456748.7_5734257.3,trunk,supply,264,S_456730.6_5734255.5,266,S_456748.7_5734257.3,18.172377389897616,100.0,7.596935789778483,7.596696478440164,7.596816134109323,#df392fff,5.000871123030201,7.999116923563019
33,pipe_R_456748.7_5734257.3_to_456730.6_5734255.5,trunk,return,267,R_456748.7_5734257.3,265,R_456730.6_5734255.5,18.172377389897616,100.0,5.398802032168131,5.398549512362334,5.398675772265232,#c5deefff,5.000871123030201,7.999116923563019
34,pipe_S_456748.7_5734257.3_to_456764.3_5734258.9,trunk,supply,266,S_456748.7_5734257.3,268,S_456764.3_5734258.9,15.720613855697975,100.0,7.596696478440164,7.596500985848552,7.596598732144358,#df392fff,5.000871123030201,7.999116923563019
35,pipe_R_456764.3_5734258.9_to_456748.7_5734257.3,trunk,return,269,R_456764.3_5734258.9,267,R_456748.7_5734257.3,15.720613855697975,100.0,5.399008732999753,5.398802032168131,5.398905382583942,#c5deefff,5.000871123030201,7.999116923563019
36,pipe_S_456069.6_5734117.3_to_456072.0_5734103.5,trunk,supply,30,S_456069.6_5734117.3,32,S_456072.0_5734103.5,14.018708928224507,150.0,7.779241074018439,7.774937652459987,7.777089363239213,#d62a27ff,5.000871123030201,7.999116923563019
37,pipe_R_456072.0_5734103.5_to_456069.6_5734117.3,trunk,return,33,R_456072.0_5734103.5,31,R_456069.6_5734117.3,14.018708928224507,150.0,5.222024864625717,5.217779113186785,5.219901988906251,#d0e4f3ff,5.000871123030201,7.999116923563019
38,pipe_S_456648.1_5734246.4_to_456660.5_5734248.0,trunk,supply,246,S_456648.1_5734246.4,248,S_456660.5_5734248.0,12.549856572848789,100.0,7.5984272794681935,7.598080003384073,7.598253641426133,#df392fff,5.000871123030201,7.999116923563019
39,pipe_R_456660.5_5734248.0_to_456648.1_5734246.4,trunk,return,249,R_456660.5_5734248.0,247,R_456648.1_5734246.4,12.549856572848789,100.0,5.397350671073513,5.396992315836408,5.397171493454961,#c5deefff,5.000871123030201,7.999116923563019
40,pipe_S_456660.5_5734248.0_to_456668.3_5734248.9,trunk,supply,248,S_456660.5_5734248.0,250,S_456668.3_5734248.9,7.811715560673993,100.0,7.598080003384073,7.597942737191291,7.598011370287682,#df392fff,5.000871123030201,7.999116923563019
41,pipe_R_456668.3_5734248.9_to_456660.5_5734248.0,trunk,return,251,R_456668.3_5734248.9,249,R_456660.5_5734248.0,7.811715560673993,100.0,5.397494143457479,5.397350671073513,5.397422407265496,#c5deefff,5.000871123030201,7.999116923563019
42,pipe_S_456375.1_5734095.8_to_456381.9_5734092.4,trunk,supply,184,S_456375.1_5734095.8,188,S_456381.9_5734092.4,7.629469182032631,100.0,7.736157698315416,7.736129971305429,7.736143834810422,#d82d29ff,5.000871123030201,7.999116923563019
43,pipe_R_456381.9_5734092.4_to_456375.1_5734095.8,trunk,return,189,R_456381.9_5734092.4,185,R_456375.1_5734095.8,7.629469182032631,100.0,5.260523284622055,5.2604922761889865,5.26050778040552,#cee3f2ff,5.000871123030201,7.999116923563019
44,pipe_S_456352.1_5734279.9_to_456364.0_5734285.0,trunk,supply,170,S_456352.1_5734279.9,176,S_456364.0_5734285.0,12.93502609205682,100.0,7.841083218956753,7.841083013740723,7.841083116348738,#d32524ff,5.000871123030201,7.999116923563019
45,pipe_R_456364.0_5734285.0_to_456352.1_5734279.9,trunk,return,177,R_456364.0_5734285.0,171,R_456352.1_5734279.9,12.93502609205682,100.0,5.156853423261539,5.156853086706396,5.156853254983967,#d4e6f4ff,5.000871123030201,7.999116923563019
46,pipe_S_455876.0_5734137.3_to_456034.5_5734187.7,trunk,supply,2,S_455876.0_5734137.3,22,S_456034.5_5734187.7,166.4059737507441,100.0,7.8414237449174236,7.841288041939793,7.841355893428608,#d32524ff,5.000871123030201,7.999116923563019
47,pipe_R_456034.5_5734187.7_to_455876.0_5734137.3,trunk,return,23,R_456034.5_5734187.7,3,R_455876.0_5734137.3,166.4059737507441,100.0,5.156598245332943,5.1564297517868,5.156513998559872,#d4e6f4ff,5.000871123030201,7.999116923563019
48,pipe_S_456159.5_5734225.3_to_456191.2_5734234.8,trunk,supply,86,S_456159.5_5734225.3,98,S_456191.2_5734234.8,33.134086678417304,100.0,7.84118035210424,7.841153331474379,7.84116684178931,#d32524ff,5.000871123030201,7.999116923563019
49,pipe_R_456191.2_5734234.8_to_456159.5_5734225.3,trunk,return,99,R_456191.2_5734234.8,87,R_456159.5_5734225.3,33.134086678417304,100.0,5.15676550654133,5.156731956785652,5.156748731663491,#d4e6f4ff,5.000871123030201,7.999116923563019
50,pipe_S_456368.7_5734083.1_to_456375.1_5734095.8,trunk,supply,180,S_456368.7_5734083.1,184,S_456375.1_5734095.8,14.172318088755263,100.0,7.7362092033409695,7.736157698315416,7.736183450828193,#d82d28ff,5.000871123030201,7.999116923563019
51,pipe_R_456375.1_5734095.8_to_456368.7_5734083.1,trunk,return,185,R_456375.1_5734095.8,181,R_456368.7_5734083.1,14.172318088755263,100.0,5.2604922761889865,5.2604346756709965,5.260463475929992,#cee3f2ff,5.000871123030201,7.999116923563019
52,pipe_S_456668.3_5734248.9_to_456690.3_5734251.4,trunk,supply,250,S_456668.3_5734248.9,252,S_456690.3_5734251.4,22.17686181589854,100.0,7.597942737191291,7.597553048989558,7.597747893090425,#df392fff,5.000871123030201,7.999116923563019
53,pipe_R_456690.3_5734251.4_to_456668.3_5734248.9,trunk,return,253,R_456690.3_5734251.4,251,R_456668.3_5734248.9,22.17686181589854,100.0,5.3979014505603695,5.397494143457479,5.397697797008924,#c5deefff,5.000871123030201,7.999116923563019
54,pipe_S_456111.9_5734273.0_to_456092.0_5734262.3,trunk,supply,52,S_456111.9_5734273.0,38,S_456092.0_5734262.3,22.66671789200312,150.0,7.943726507155602,7.936567732170563,7.940147119663083,#ce1c1fff,5.000871123030201,7.999116923563019
55,pipe_R_456092.0_5734262.3_to_456111.9_5734273.0,trunk,return,39,R_456092.0_5734262.3,53,R_456111.9_5734273.0,22.66671789200312,150.0,5.062573642609137,5.055511769484286,5.059042706046712,#dbe9f6ff,5.000871123030201,7.999116923563019
56,pipe_S_456293.8_5734173.1_to_456328.8_5734181.8,trunk,supply,154,S_456293.8_5734173.1,160,S_456328.8_5734181.8,35.99471211150891,110.0,7.701224206688639,7.688775417701128,7.694999812194883,#da312aff,5.000871123030201,7.999116923563019
57,pipe_R_456328.8_5734181.8_to_456293.8_5734173.1,trunk,return,161,R_456328.8_5734181.8,155,R_456293.8_5734173.1,35.99471211150891,110.0,5.3071867228502,5.294850389483426,5.301018556166813,#cbe1f1ff,5.000871123030201,7.999116923563019
58,pipe_S_456146.3_5734345.7_to_456154.2_5734347.9,trunk,supply,74,S_456146.3_5734345.7,80,S_456154.2_5734347.9,8.192612525875054,150.0,7.979862702925046,7.977275249819052,7.978568976372049,#cc191eff,5.000871123030201,7.999116923563019
59,pipe_R_456154.2_5734347.9_to_456146.3_5734345.7,trunk,return,81,R_456154.2_5734347.9,75,R_456146.3_5734345.7,8.192612525875054,150.0,5.022417145797594,5.01986471670334,5.021140931250468,#ddebf7ff,5.000871123030201,7.999116923563019
60,pipe_S_456086.1_5734198.7_to_456099.6_5734202.1,trunk,supply,36,S_456086.1_5734198.7,44,S_456099.6_5734202.1,13.962796997525144,100.0,7.8412442058099305,7.841232819240773,7.841238512525352,#d32524ff,5.000871123030201,7.999116923563019
61,pipe_R_456099.6_5734202.1_to_456086.1_5734198.7,trunk,return,45,R_456099.6_5734202.1,37,R_456086.1_5734198.7,13.962796997525144,100.0,5.156666811760505,5.156652673799425,5.156659742779965,#d4e6f4ff,5.000871123030201,7.999116923563019
62,pipe_S_456192.3_5734140.7_to_456196.2_5734142.0,trunk,supply,100,S_456192.3_5734140.7,102,S_456196.2_5734142.0,4.104655892889812,140.0,7.7375902165930714,7.736631790134249,7.73711100336366,#d82d28ff,5.000871123030201,7.999116923563019
63,pipe_R_456196.2_5734142.0_to_456192.3_5734140.7,trunk,return,103,R_456196.2_5734142.0,101,R_456192.3_5734140.7,4.104655892889812,140.0,5.259843596122945,5.258895599361582,5.259369597742263,#cee3f2ff,5.000871123030201,7.999116923563019
64,pipe_S_456196.2_5734142.0_to_456210.1_5734146.7,trunk,supply,102,S_456196.2_5734142.0,106,S_456210.1_5734146.7,14.707810850154033,125.0,7.736631790134249,7.730748331205668,7.733690060669959,#d82d29ff,5.000871123030201,7.999116923563019
65,pipe_R_456210.1_5734146.7_to_456196.2_5734142.0,trunk,return,107,R_456210.1_5734146.7,103,R_456196.2_5734142.0,14.707810850154033,125.0,5.265655657737481,5.259843596122945,5.262749626930213,#cee3f2ff,5.000871123030201,7.999116923563019
66,pipe_S_456210.1_5734146.7_to_456216.1_5734148.7,trunk,supply,106,S_456210.1_5734146.7,108,S_456216.1_5734148.7,6.327724709490881,125.0,7.730748331205668,7.728343232444995,7.7295457818253315,#d82e29ff,5.000871123030201,7.999116923563019
67,pipe_R_456216.1_5734148.7_to_456210.1_5734146.7,trunk,return,109,R_456216.1_5734148.7,107,R_456210.1_5734146.7,6.327724709490881,125.0,5.268032243571701,5.265655657737481,5.266843950654591,#cde3f2ff,5.000871123030201,7.999116923563019
68,pipe_S_456216.1_5734148.7_to_456230.2_5734153.4,trunk,supply,108,S_456216.1_5734148.7,110,S_456230.2_5734153.4,14.875402515611547,125.0,7.728343232444995,7.723001356209097,7.725672294327046,#d82e29ff,5.000871123030201,7.999116923563019
69,pipe_R_456230.2_5734153.4_to_456216.1_5734148.7,trunk,return,111,R_456230.2_5734153.4,109,R_456216.1_5734148.7,14.875402515611547,125.0,5.273312497420881,5.268032243571701,5.270672370496291,#cde2f2ff,5.000871123030201,7.999116923563019
70,pipe_S_456230.2_5734153.4_to_456236.2_5734155.4,trunk,supply,110,S_456230.2_5734153.4,114,S_456236.2_5734155.4,6.245518393030249,125.0,7.723001356209097,7.7208546086303205,7.721927982419709,#d92e29ff,5.000871123030201,7.999116923563019
71,pipe_R_456236.2_5734155.4_to_456230.2_5734153.4,trunk,return,115,R_456236.2_5734155.4,111,R_456230.2_5734153.4,6.245518393030249,125.0,5.275435022728683,5.273312497420881,5.274373760074782,#cde2f1ff,5.000871123030201,7.999116923563019
72,pipe_S_456236.2_5734155.4_to_456241.7_5734157.3,trunk,supply,114,S_456236.2_5734155.4,118,S_456241.7_5734157.3,5.888191572895033,125.0,7.7208546086303205,7.718933047094613,7.719893827862467,#d92f29ff,5.000871123030201,7.999116923563019
73,pipe_R_456241.7_5734157.3_to_456236.2_5734155.4,trunk,return,119,R_456241.7_5734157.3,115,R_456236.2_5734155.4,5.888191572895033,125.0,5.277335491682275,5.275435022728683,5.2763852572054795,#cde2f1ff,5.000871123030201,7.999116923563019
74,pipe_S_456241.7_5734157.3_to_456273.7_5734168.1,trunk,supply,118,S_456241.7_5734157.3,132,S_456273.7_5734168.1,33.77007106915572,125.0,7.718933047094613,7.707958495097914,7.713445771096264,#d92f2aff,5.000871123030201,7.999116923563019
75,pipe_R_456273.7_5734168.1_to_456241.7_5734157.3,trunk,return,133,R_456273.7_5734168.1,119,R_456241.7_5734157.3,33.77007106915572,125.0,5.288189853245709,5.277335491682275,5.282762672463992,#cce2f1ff,5.000871123030201,7.999116923563019
76,pipe_S_456388.7_5734105.2_to_456416.4_5734091.2,trunk,supply,190,S_456388.7_5734105.2,198,S_456416.4_5734091.2,30.997086959826134,100.0,7.736077134249848,7.735964484664511,7.73602080945718,#d82d29ff,5.000871123030201,7.999116923563019
77,pipe_R_456416.4_5734091.2_to_456388.7_5734105.2,trunk,return,199,R_456416.4_5734091.2,191,R_456388.7_5734105.2,30.997086959826134,100.0,5.260708356197785,5.2605823748125315,5.260645365505159,#cee3f2ff,5.000871123030201,7.999116923563019
78,pipe_S_456130.3_5734282.4_to_456111.9_5734273.0,trunk,supply,62,S_456130.3_5734282.4,52,S_456111.9_5734273.0,20.625898768610945,150.0,7.950240735146269,7.943726507155602,7.9469836211509355,#ce1c1fff,5.000871123030201,7.999116923563019
79,pipe_R_456111.9_5734273.0_to_456130.3_5734282.4,trunk,return,53,R_456111.9_5734273.0,63,R_456130.3_5734282.4,20.625898768610945,150.0,5.055511769484286,5.049085718704287,5.052298744094287,#dbeaf6ff,5.000871123030201,7.999116923563019
80,pipe_S_456138.2_5734343.4_to_456146.3_5734345.7,trunk,supply,68,S_456138.2_5734343.4,74,S_456146.3_5734345.7,8.366803451920873,150.0,7.982505170332181,7.979862702925046,7.9811839366286135,#cc191dff,5.000871123030201,7.999116923563019
81,pipe_R_456146.3_5734345.7_to_456138.2_5734343.4,trunk,return,75,R_456146.3_5734345.7,69,R_456138.2_5734343.4,8.366803451920873,150.0,5.01986471670334,5.017258017986767,5.018561367345054,#ddebf7ff,5.000871123030201,7.999116923563019
82,pipe_S_456267.3_5734260.2_to_456271.3_5734261.2,trunk,supply,128,S_456267.3_5734260.2,130,S_456271.3_5734261.2,4.107274035152892,100.0,7.841087888844381,7.841084539389407,7.841086214116894,#d32524ff,5.000871123030201,7.999116923563019
83,pipe_R_456271.3_5734261.2_to_456267.3_5734260.2,trunk,return,131,R_456271.3_5734261.2,129,R_456267.3_5734260.2,4.107274035152892,100.0,5.156850921191367,5.156846762391345,5.156848841791357,#d4e6f4ff,5.000871123030201,7.999116923563019
84,pipe_S_456271.3_5734261.2_to_456335.6_5734279.0,trunk,supply,130,S_456271.3_5734261.2,162,S_456335.6_5734279.0,66.72060326466782,100.0,7.841084539389407,7.841083480857533,7.8410840101234704,#d32524ff,5.000871123030201,7.999116923563019
85,pipe_R_456335.6_5734279.0_to_456271.3_5734261.2,trunk,return,163,R_456335.6_5734279.0,131,R_456271.3_5734261.2,66.72060326466782,100.0,5.156852657188031,5.156850921191367,5.156851789189699,#d4e6f4ff,5.000871123030201,7.999116923563019
86,pipe_S_456160.6_5734316.8_to_456161.2_5734298.1,trunk,supply,88,S_456160.6_5734316.8,90,S_456161.2_5734298.1,18.68839211887591,150.0,7.967227991700454,7.961325681774127,7.964276836737291,#cd1a1eff,5.000871123030201,7.999116923563019
87,pipe_R_456161.2_5734298.1_to_456160.6_5734316.8,trunk,return,91,R_456161.2_5734298.1,89,R_456160.6_5734316.8,18.68839211887591,150.0,5.038150818970005,5.032328403273134,5.035239611121569,#dceaf7ff,5.000871123030201,7.999116923563019
88,pipe_S_455928.6_5734199.3_to_455916.9_5734196.5,trunk,supply,14,S_455928.6_5734199.3,12,S_455916.9_5734196.5,12.079010721038248,150.0,7.881190451336499,7.877375566437601,7.87928300888705,#d12122ff,5.000871123030201,7.999116923563019
89,pipe_R_455916.9_5734196.5_to_455928.6_5734199.3,trunk,return,13,R_455916.9_5734196.5,15,R_455928.6_5734199.3,12.079010721038248,150.0,5.120964577547718,5.1172013312942415,5.11908295442098,#d7e8f5ff,5.000871123030201,7.999116923563019
90,pipe_S_456118.2_5734324.3_to_456141.1_5734330.4,trunk,supply,56,S_456118.2_5734324.3,72,S_456141.1_5734330.4,23.6643888575364,150.0,7.994171026171684,7.986697159165588,7.990434092668636,#cc181dff,5.000871123030201,7.999116923563019
91,pipe_R_456141.1_5734330.4_to_456118.2_5734324.3,trunk,return,73,R_456141.1_5734330.4,57,R_456118.2_5734324.3,23.6643888575364,150.0,5.013122772313563,5.005750072283269,5.009436422298416,#deebf7ff,5.000871123030201,7.999116923563019
92,pipe_S_455883.6_5734134.2_to_455891.3_5734123.1,trunk,supply,6,S_455883.6_5734134.2,8,S_455891.3_5734123.1,13.516870939579997,150.0,7.838889309805999,7.834739940980236,7.836814625393117,#d32524ff,5.000871123030201,7.999116923563019
93,pipe_R_455891.3_5734123.1_to_455883.6_5734134.2,trunk,return,9,R_455891.3_5734123.1,7,R_455883.6_5734134.2,13.516870939579997,150.0,5.163023986118343,5.158930222952605,5.160977104535474,#d4e6f4ff,5.000871123030201,7.999116923563019
94,pipe_S_456072.0_5734103.5_to_456093.4_5734110.1,trunk,supply,32,S_456072.0_5734103.5,40,S_456093.4_5734110.1,22.40714618164991,150.0,7.774937652459987,7.768059173390678,7.771498412925332,#d62a27ff,5.000871123030201,7.999116923563019
95,pipe_R_456093.4_5734110.1_to_456072.0_5734103.5,trunk,return,41,R_456093.4_5734110.1,33,R_456072.0_5734103.5,22.40714618164991,150.0,5.22881116524942,5.222024864625717,5.225418014937569,#d0e4f3ff,5.000871123030201,7.999116923563019
96,pipe_S_456093.4_5734110.1_to_456093.5_5734110.2,trunk,supply,40,S_456093.4_5734110.1,42,S_456093.5_5734110.2,0.08544003750549678,150.0,7.768059173390678,7.768033040924648,7.768046107157662,#d62b27ff,5.000871123030201,7.999116923563019
97,pipe_R_456093.5_5734110.2_to_456093.4_5734110.1,trunk,return,43,R_456093.5_5734110.2,41,R_456093.4_5734110.1,0.08544003750549678,150.0,5.228836947971945,5.22881116524942,5.228824056610682,#d0e4f2ff,5.000871123030201,7.999116923563019
98,pipe_S_456093.5_5734110.2_to_456100.8_5734112.4,trunk,supply,42,S_456093.5_5734110.2,46,S_456100.8_5734112.4,7.702110100395971,150.0,7.768033040924648,7.765687416833245,7.766860228878946,#d62b27ff,5.000871123030201,7.999116923563019
99,pipe_R_456100.8_5734112.4_to_456093.5_5734110.2,trunk,return,47,R_456100.8_5734112.4,43,R_456093.5_5734110.2,7.702110100395971,150.0,5.231151227924917,5.228836947971945,5.22999408794843,#d0e4f2ff,5.000871123030201,7.999116923563019
100,pipe_S_456100.8_5734112.4_to_456111.3_5734115.7,trunk,supply,46,S_456100.8_5734112.4,50,S_456111.3_5734115.7,10.991473968490304,150.0,7.765687416833245,7.762443765093758,7.764065590963502,#d72b27ff,5.000871123030201,7.999116923563019
101,pipe_R_456111.3_5734115.7_to_456100.8_5734112.4,trunk,return,51,R_456111.3_5734115.7,47,R_456100.8_5734112.4,10.991473968490304,150.0,5.234352029817972,5.231151227924917,5.232751628871444,#cfe4f2ff,5.000871123030201,7.999116923563019
102,pipe_S_456111.3_5734115.7_to_456120.9_5734118.6,trunk,supply,50,S_456111.3_5734115.7,58,S_456120.9_5734118.6,10.023916400304621,150.0,7.762443765093758,7.759639413065654,7.761041589079706,#d72b27ff,5.000871123030201,7.999116923563019
103,pipe_R_456120.9_5734118.6_to_456111.3_5734115.7,trunk,return,59,R_456120.9_5734118.6,51,R_456111.3_5734115.7,10.023916400304621,150.0,5.237120075637203,5.234352029817972,5.235736052727588,#cfe4f2ff,5.000871123030201,7.999116923563019
104,pipe_S_456120.9_5734118.6_to_456128.7_5734121.0,trunk,supply,58,S_456120.9_5734118.6,60,S_456128.7_5734121.0,8.185890299762674,150.0,7.759639413065654,7.757434254476161,7.758536833770908,#d72b27ff,5.000871123030201,7.999116923563019
105,pipe_R_456128.7_5734121.0_to_456120.9_5734118.6,trunk,return,61,R_456128.7_5734121.0,59,R_456120.9_5734118.6,8.185890299762674,150.0,5.239297107115817,5.237120075637203,5.238208591376511,#cfe4f2ff,5.000871123030201,7.999116923563019
106,pipe_S_456128.7_5734121.0_to_456134.6_5734122.9,trunk,supply,60,S_456128.7_5734121.0,66,S_456134.6_5734122.9,6.186840874037248,150.0,7.757434254476161,7.755821861460584,7.756628057968372,#d72c28ff,5.000871123030201,7.999116923563019
107,pipe_R_456134.6_5734122.9_to_456128.7_5734121.0,trunk,return,67,R_456134.6_5734122.9,61,R_456128.7_5734121.0,6.186840874037248,150.0,5.240889208456577,5.239297107115817,5.240093157786196,#cfe3f2ff,5.000871123030201,7.999116923563019
108,pipe_S_456134.6_5734122.9_to_456140.9_5734124.8,trunk,supply,66,S_456134.6_5734122.9,70,S_456140.9_5734124.8,6.55076331422272,140.0,7.755821861460584,7.753474817324785,7.754648339392684,#d72c28ff,5.000871123030201,7.999116923563019
109,pipe_R_456140.9_5734124.8_to_456134.6_5734122.9,trunk,return,71,R_456140.9_5734124.8,67,R_456134.6_5734122.9,6.55076331422272,140.0,5.243205250876706,5.240889208456577,5.242047229666641,#cfe3f2ff,5.000871123030201,7.999116923563019
110,pipe_S_456140.9_5734124.8_to_456149.0_5734127.3,trunk,supply,70,S_456140.9_5734124.8,76,S_456149.0_5734127.3,8.49908818659258,140.0,7.753474817324785,7.750606885920735,7.752040851622761,#d72c28ff,5.000871123030201,7.999116923563019
111,pipe_R_456149.0_5734127.3_to_456140.9_5734124.8,trunk,return,77,R_456149.0_5734127.3,71,R_456140.9_5734124.8,8.49908818659258,140.0,5.246036151941681,5.243205250876706,5.244620701409193,#cfe3f2ff,5.000871123030201,7.999116923563019
112,pipe_S_456149.0_5734127.3_to_456155.2_5734129.2,trunk,supply,76,S_456149.0_5734127.3,82,S_456155.2_5734129.2,6.4875342002945775,140.0,7.750606885920735,7.748494649535567,7.7495507677281505,#d72c28ff,5.000871123030201,7.999116923563019
113,pipe_R_456155.2_5734129.2_to_456149.0_5734127.3,trunk,return,83,R_456155.2_5734129.2,77,R_456149.0_5734127.3,6.4875342002945775,140.0,5.248121498629294,5.246036151941681,5.247078825285487,#cfe3f2ff,5.000871123030201,7.999116923563019
114,pipe_S_456155.2_5734129.2_to_456159.4_5734130.5,trunk,supply,82,S_456155.2_5734129.2,84,S_456159.4_5734130.5,4.409104217310225,140.0,7.748494649535567,7.747109948616062,7.747802299075815,#d72c28ff,5.000871123030201,7.999116923563019
115,pipe_R_456159.4_5734130.5_to_456155.2_5734129.2,trunk,return,85,R_456159.4_5734130.5,83,R_456155.2_5734129.2,4.409104217310225,140.0,5.249488829436233,5.248121498629294,5.248805164032763,#cee3f2ff,5.000871123030201,7.999116923563019
116,pipe_S_456159.4_5734130.5_to_456169.2_5734133.6,trunk,supply,84,S_456159.4_5734130.5,92,S_456169.2_5734133.6,10.245218396739507,140.0,7.747109948616062,7.744134815430758,7.74562238202341,#d82c28ff,5.000871123030201,7.999116923563019
117,pipe_R_456169.2_5734133.6_to_456159.4_5734130.5,trunk,return,93,R_456169.2_5734133.6,85,R_456159.4_5734130.5,10.245218396739507,140.0,5.252427879325373,5.249488829436233,5.250958354380803,#cee3f2ff,5.000871123030201,7.999116923563019
118,pipe_S_456169.2_5734133.6_to_456175.2_5734135.4,trunk,supply,92,S_456169.2_5734133.6,94,S_456175.2_5734135.4,6.237563627180783,140.0,7.744134815430758,7.7423914665450315,7.743263140987895,#d82d28ff,5.000871123030201,7.999116923563019
119,pipe_R_456175.2_5734135.4_to_456169.2_5734133.6,trunk,return,95,R_456175.2_5734135.4,93,R_456169.2_5734133.6,6.237563627180783,140.0,5.25415044887611,5.252427879325373,5.2532891641007415,#cee3f2ff,5.000871123030201,7.999116923563019
120,pipe_S_456175.2_5734135.4_to_456189.6_5734139.8,trunk,supply,94,S_456175.2_5734135.4,96,S_456189.6_5734139.8,15.049850497446899,140.0,7.7423914665450315,7.738333902323115,7.740362684434073,#d82d28ff,5.000871123030201,7.999116923563019
121,pipe_R_456189.6_5734139.8_to_456175.2_5734135.4,trunk,return,97,R_456189.6_5734139.8,95,R_456175.2_5734135.4,15.049850497446899,140.0,5.2581604632450505,5.25415044887611,5.25615545606058,#cee3f2ff,5.000871123030201,7.999116923563019
122,pipe_S_456189.6_5734139.8_to_456192.3_5734140.7,trunk,supply,96,S_456189.6_5734139.8,100,S_456192.3_5734140.7,2.8688150865642967,140.0,7.738333902323115,7.7375902165930714,7.737962059458093,#d82d28ff,5.000871123030201,7.999116923563019
123,pipe_R_456192.3_5734140.7_to_456189.6_5734139.8,trunk,return,101,R_456192.3_5734140.7,97,R_456189.6_5734139.8,2.8688150865642967,140.0,5.258895599361582,5.2581604632450505,5.258528031303316,#cee3f2ff,5.000871123030201,7.999116923563019
124,pipe_S_456141.1_5734330.4_to_456138.2_5734343.4,trunk,supply,72,S_456141.1_5734330.4,68,S_456138.2_5734343.4,13.273029043638646,150.0,7.986697159165588,7.982505170332181,7.984601164748884,#cc191dff,5.000871123030201,7.999116923563019
125,pipe_R_456138.2_5734343.4_to_456141.1_5734330.4,trunk,return,69,R_456138.2_5734343.4,73,R_456141.1_5734330.4,13.273029043638646,150.0,5.017258017986767,5.013122772313563,5.0151903951501655,#ddebf7ff,5.000871123030201,7.999116923563019
126,pipe_S_455881.5_5734185.5_to_455851.2_5734174.3,trunk,supply,4,S_455881.5_5734185.5,0,S_455851.2_5734174.3,32.29086867848909,150.0,7.865682818023471,7.855484470647283,7.860583644335376,#d22323ff,5.000871123030201,7.999116923563019
127,pipe_R_455851.2_5734174.3_to_455881.5_5734185.5,trunk,return,1,R_455851.2_5734174.3,5,R_455881.5_5734185.5,32.29086867848909,150.0,5.142559353379935,5.1324990518053895,5.137529202592662,#d6e7f4ff,5.000871123030201,7.999116923563019
128,pipe_S_456293.8_5734173.1_to_456287.2_5734194.0,trunk,supply,154,S_456293.8_5734173.1,152,S_456287.2_5734194.0,21.948485141281804,100.0,7.701224206688639,7.699633264178761,7.7004287354337,#da302aff,5.000871123030201,7.999116923563019
129,pipe_R_456287.2_5734194.0_to_456293.8_5734173.1,trunk,return,153,R_456287.2_5734194.0,155,R_456293.8_5734173.1,21.948485141281804,100.0,5.2964595123611815,5.294850389483426,5.295654950922303,#cbe2f1ff,5.000871123030201,7.999116923563019
130,pipe_S_456287.2_5734194.0_to_456287.0_5734194.5,trunk,supply,152,S_456287.2_5734194.0,150,S_456287.0_5734194.5,0.5154609580916695,100.0,7.699633264178761,7.699601560330008,7.699617412254384,#da302aff,5.000871123030201,7.999116923563019
131,pipe_R_456287.0_5734194.5_to_456287.2_5734194.0,trunk,return,151,R_456287.0_5734194.5,153,R_456287.2_5734194.0,0.5154609580916695,100.0,5.296491669539741,5.2964595123611815,5.296475590950461,#cbe2f1ff,5.000871123030201,7.999116923563019
132,pipe_S_456287.0_5734194.5_to_456285.4_5734199.8,trunk,supply,150,S_456287.0_5734194.5,148,S_456285.4_5734199.8,5.5694254645802825,100.0,7.699601560330008,7.699358787714425,7.6994801740222165,#da302aff,5.000871123030201,7.999116923563019
133,pipe_R_456285.4_5734199.8_to_456287.0_5734194.5,trunk,return,149,R_456285.4_5734199.8,151,R_456287.0_5734194.5,5.5694254645802825,100.0,5.296739562555593,5.296491669539741,5.296615616047667,#cbe2f1ff,5.000871123030201,7.999116923563019
134,pipe_S_456285.4_5734199.8_to_456285.2_5734200.3,trunk,supply,148,S_456285.4_5734199.8,146,S_456285.2_5734200.3,0.515460958958922,100.0,7.699358787714425,7.699343821650165,7.6993513046822954,#da302aff,5.000871123030201,7.999116923563019
135,pipe_R_456285.2_5734200.3_to_456285.4_5734199.8,trunk,return,147,R_456285.2_5734200.3,149,R_456285.4_5734199.8,0.515460958958922,100.0,5.296754987313765,5.296739562555593,5.296747274934679,#cbe2f1ff,5.000871123030201,7.999116923563019
136,pipe_S_456285.2_5734200.3_to_456280.0_5734216.6,trunk,supply,146,S_456285.2_5734200.3,144,S_456280.0_5734216.6,17.12234796922597,100.0,7.699343821650165,7.698947982641482,7.6991459021458235,#da302aff,5.000871123030201,7.999116923563019
137,pipe_R_456280.0_5734216.6_to_456285.2_5734200.3,trunk,return,145,R_456280.0_5734216.6,147,R_456285.2_5734200.3,17.12234796922597,100.0,5.2971654115806635,5.296754987313765,5.296960199447215,#cbe2f1ff,5.000871123030201,7.999116923563019
138,pipe_S_456280.0_5734216.6_to_456279.8_5734217.4,trunk,supply,144,S_456280.0_5734216.6,142,S_456279.8_5734217.4,0.8381527314231535,100.0,7.698947982641482,7.698936545641553,7.698942264141518,#da302aff,5.000871123030201,7.999116923563019
139,pipe_R_456279.8_5734217.4_to_456280.0_5734216.6,trunk,return,143,R_456279.8_5734217.4,145,R_456280.0_5734216.6,0.8381527314231535,100.0,5.2971774649605985,5.2971654115806635,5.297171438270631,#cbe2f1ff,5.000871123030201,7.999116923563019
140,pipe_S_456279.8_5734217.4_to_456279.5_5734218.4,trunk,supply,142,S_456279.8_5734217.4,140,S_456279.5_5734218.4,1.040432601662893,100.0,7.698936545641553,7.698927233171052,7.698931889406302,#da302aff,5.000871123030201,7.999116923563019
141,pipe_R_456279.5_5734218.4_to_456279.8_5734217.4,trunk,return,141,R_456279.5_5734218.4,143,R_456279.8_5734217.4,1.040432601662893,100.0,5.29718743581174,5.2971774649605985,5.297182450386169,#cbe2f1ff,5.000871123030201,7.999116923563019
142,pipe_S_456279.5_5734218.4_to_456278.1_5734222.7,trunk,supply,140,S_456279.5_5734218.4,138,S_456278.1_5734222.7,4.459260028311233,100.0,7.698927233171052,7.698893394564078,7.6989103138675645,#da302aff,5.000871123030201,7.999116923563019
143,pipe_R_456278.1_5734222.7_to_456279.5_5734218.4,trunk,return,139,R_456278.1_5734222.7,141,R_456279.5_5734218.4,4.459260028311233,100.0,5.297223919100186,5.29718743581174,5.297205677455963,#cbe2f1ff,5.000871123030201,7.999116923563019
144,pipe_S_456278.1_5734222.7_to_456277.9_5734223.2,trunk,supply,138,S_456278.1_5734222.7,136,S_456277.9_5734223.2,0.5756735192919876,100.0,7.698893394564078,7.698891209489817,7.698892302026948,#da302aff,5.000871123030201,7.999116923563019
145,pipe_R_456277.9_5734223.2_to_456278.1_5734222.7,trunk,return,137,R_456277.9_5734223.2,139,R_456278.1_5734222.7,0.5756735192919876,100.0,5.2972263568397056,5.297223919100186,5.297225137969946,#cbe2f1ff,5.000871123030201,7.999116923563019
146,pipe_S_456277.9_5734223.2_to_456277.4_5734225.0,trunk,supply,136,S_456277.9_5734223.2,134,S_456277.4_5734225.0,1.84694342068473,100.0,7.698891209489817,7.69888839464316,7.698889802066489,#da302aff,5.000871123030201,7.999116923563019
147,pipe_R_456277.4_5734225.0_to_456277.9_5734223.2,trunk,return,135,R_456277.4_5734225.0,137,R_456277.9_5734223.2,1.84694342068473,100.0,5.297229686091823,5.2972263568397056,5.297228021465765,#cbe2f1ff,5.000871123030201,7.999116923563019
148,pipe_S_456328.8_5734181.8_to_456351.3_5734187.3,trunk,supply,160,S_456328.8_5734181.8,168,S_456351.3_5734187.3,23.174798812459755,110.0,7.688775417701128,7.680760402069092,7.68476790988511,#da312bff,5.000871123030201,7.999116923563019
149,pipe_R_456351.3_5734187.3_to_456328.8_5734181.8,trunk,return,169,R_456351.3_5734187.3,161,R_456328.8_5734181.8,23.174798812459755,110.0,5.31512933516983,5.3071867228502,5.311158029010015,#cae1f1ff,5.000871123030201,7.999116923563019
150,pipe_S_456351.3_5734187.3_to_456357.5_5734188.8,trunk,supply,168,S_456351.3_5734187.3,172,S_456357.5_5734188.8,6.439541909291795,100.0,7.680760402069092,7.677347342533913,7.679053872301503,#db322bff,5.000871123030201,7.999116923563019
151,pipe_R_456357.5_5734188.8_to_456351.3_5734187.3,trunk,return,173,R_456357.5_5734188.8,169,R_456351.3_5734187.3,6.439541909291795,100.0,5.318507942895324,5.31512933516983,5.316818639032578,#cae1f0ff,5.000871123030201,7.999116923563019
152,pipe_S_456357.5_5734188.8_to_456372.0_5734192.3,trunk,supply,172,S_456357.5_5734188.8,182,S_456372.0_5734192.3,14.860474420370911,100.0,7.677347342533913,7.670055477501266,7.673701410017589,#db322bff,5.000871123030201,7.999116923563019
153,pipe_R_456372.0_5734192.3_to_456357.5_5734188.8,trunk,return,183,R_456372.0_5734192.3,173,R_456357.5_5734188.8,14.860474420370911,100.0,5.325729877792159,5.318507942895324,5.322118910343741,#cae1f0ff,5.000871123030201,7.999116923563019
154,pipe_S_456372.0_5734192.3_to_456378.2_5734193.8,trunk,supply,182,S_456372.0_5734192.3,186,S_456378.2_5734193.8,6.432176925321707,100.0,7.670055477501266,7.667132375986811,7.668593926744038,#db332cff,5.000871123030201,7.999116923563019
155,pipe_R_456378.2_5734193.8_to_456372.0_5734192.3,trunk,return,187,R_456378.2_5734193.8,183,R_456372.0_5734192.3,6.432176925321707,100.0,5.328626468605666,5.325729877792159,5.327178173198913,#c9e1f0ff,5.000871123030201,7.999116923563019
156,pipe_S_456378.2_5734193.8_to_456393.0_5734197.4,trunk,supply,186,S_456378.2_5734193.8,192,S_456393.0_5734197.4,15.197674164196432,100.0,7.667132375986811,7.660712191216287,7.663922283601549,#db332cff,5.000871123030201,7.999116923563019
157,pipe_R_456393.0_5734197.4_to_456378.2_5734193.8,trunk,return,193,R_456393.0_5734197.4,187,R_456378.2_5734193.8,15.197674164196432,100.0,5.334991727787397,5.328626468605666,5.331809098196532,#c9e0f0ff,5.000871123030201,7.999116923563019
158,pipe_S_456393.0_5734197.4_to_456398.9_5734198.8,trunk,supply,192,S_456393.0_5734197.4,194,S_456398.9_5734198.8,6.02959368445542,100.0,7.660712191216287,7.658321019392491,7.65951660530439,#dc342cff,5.000871123030201,7.999116923563019
159,pipe_R_456398.9_5734198.8_to_456393.0_5734197.4,trunk,return,195,R_456398.9_5734198.8,193,R_456393.0_5734197.4,6.02959368445542,100.0,5.337363543035842,5.334991727787397,5.3361776354116195,#c9e0f0ff,5.000871123030201,7.999116923563019
160,pipe_S_456398.9_5734198.8_to_456413.7_5734202.5,trunk,supply,194,S_456398.9_5734198.8,196,S_456413.7_5734202.5,15.241263071148477,100.0,7.658321019392491,7.652729570786533,7.655525295089512,#dc342cff,5.000871123030201,7.999116923563019
161,pipe_R_456413.7_5734202.5_to_456398.9_5734198.8,trunk,return,197,R_456413.7_5734202.5,195,R_456398.9_5734198.8,15.241263071148477,100.0,5.342913010189742,5.337363543035842,5.340138276612792,#c9e0f0ff,5.000871123030201,7.999116923563019
162,pipe_S_456413.7_5734202.5_to_456419.5_5734203.9,trunk,supply,196,S_456413.7_5734202.5,200,S_456419.5_5734203.9,6.03931287480072,100.0,7.652729570786533,7.650648683606661,7.651689127196597,#dc342cff,5.000871123030201,7.999116923563019
163,pipe_R_456419.5_5734203.9_to_456413.7_5734202.5,trunk,return,201,R_456419.5_5734203.9,197,R_456413.7_5734202.5,6.03931287480072,100.0,5.344979291841369,5.342913010189742,5.3439461510155555,#c8e0f0ff,5.000871123030201,7.999116923563019
164,pipe_S_456419.5_5734203.9_to_456423.8_5734204.9,trunk,supply,200,S_456419.5_5734203.9,202,S_456423.8_5734204.9,4.404543109144994,100.0,7.650648683606661,7.6492330952646,7.649940889435631,#dc342cff,5.000871123030201,7.999116923563019
165,pipe_R_456423.8_5734204.9_to_456419.5_5734203.9,trunk,return,203,R_456423.8_5734204.9,201,R_456419.5_5734203.9,4.404543109144994,100.0,5.346385737986876,5.344979291841369,5.345682514914122,#c8e0f0ff,5.000871123030201,7.999116923563019
166,pipe_S_456350.8_5734009.0_to_456336.8_5734032.7,trunk,supply,166,S_456350.8_5734009.0,164,S_456336.8_5734032.7,27.496830726600333,100.0,7.736548180174959,7.736448251217653,7.736498215696306,#d82d28ff,5.000871123030201,7.999116923563019
167,pipe_R_456336.8_5734032.7_to_456350.8_5734009.0,trunk,return,165,R_456336.8_5734032.7,167,R_456350.8_5734009.0,27.496830726600333,100.0,5.260167337069115,5.260055581766769,5.260111459417942,#cee3f2ff,5.000871123030201,7.999116923563019
168,pipe_S_455916.9_5734196.5_to_455881.5_5734185.5,trunk,supply,12,S_455916.9_5734196.5,4,S_455881.5_5734185.5,37.022567441943984,150.0,7.877375566437601,7.865682818023471,7.871529192230536,#d12222ff,5.000871123030201,7.999116923563019
169,pipe_R_455881.5_5734185.5_to_455916.9_5734196.5,trunk,return,5,R_455881.5_5734185.5,13,R_455916.9_5734196.5,37.022567441943984,150.0,5.1324990518053895,5.120964577547718,5.126731814676553,#d6e7f5ff,5.000871123030201,7.999116923563019
170,pipe_S_456014.0_5734234.3_to_455976.9_5734217.4,trunk,supply,20,S_456014.0_5734234.3,18,S_455976.9_5734217.4,40.8018149104898,150.0,7.9103671194332,7.897480780382393,7.903923949907797,#d01f21ff,5.000871123030201,7.999116923563019
171,pipe_R_455976.9_5734217.4_to_456014.0_5734234.3,trunk,return,19,R_455976.9_5734217.4,21,R_456014.0_5734234.3,40.8018149104898,150.0,5.101131509694233,5.088419601356451,5.094775555525342,#d8e8f5ff,5.000871123030201,7.999116923563019
172,pipe_S_456092.0_5734262.3_to_456072.0_5734255.6,trunk,supply,38,S_456092.0_5734262.3,34,S_456072.0_5734255.6,20.99436352923967,150.0,7.936567732170563,7.92993713284092,7.933252432505742,#ce1d20ff,5.000871123030201,7.999116923563019
173,pipe_R_456072.0_5734255.6_to_456092.0_5734262.3,trunk,return,35,R_456072.0_5734255.6,39,R_456092.0_5734262.3,20.99436352923967,150.0,5.069114489514581,5.062573642609137,5.065844066061858,#dae9f6ff,5.000871123030201,7.999116923563019
174,pipe_S_456151.6_5734290.1_to_456130.3_5734282.4,trunk,supply,78,S_456151.6_5734290.1,62,S_456130.3_5734282.4,22.64134492465771,150.0,7.957391496648067,7.950240735146269,7.953816115897168,#cd1b1fff,5.000871123030201,7.999116923563019
175,pipe_R_456130.3_5734282.4_to_456151.6_5734290.1,trunk,return,63,R_456130.3_5734282.4,79,R_456151.6_5734290.1,22.64134492465771,150.0,5.049085718704287,5.042031750591404,5.045558734647845,#dbeaf6ff,5.000871123030201,7.999116923563019
176,pipe_S_456242.2_5734012.5_to_456244.9_5734019.1,trunk,supply,120,S_456242.2_5734012.5,122,S_456244.9_5734019.1,7.160816992590859,100.0,7.736999414194176,7.736998909467554,7.736999161830865,#d82d28ff,5.000871123030201,7.999116923563019
177,pipe_R_456244.9_5734019.1_to_456242.2_5734012.5,trunk,return,123,R_456244.9_5734019.1,121,R_456242.2_5734012.5,7.160816992590859,100.0,5.2595517157286515,5.259550945316982,5.259551330522816,#cee3f2ff,5.000871123030201,7.999116923563019
178,pipe_S_456249.7_5734029.7_to_456245.0_5734031.8,trunk,supply,126,S_456249.7_5734029.7,124,S_456245.0_5734031.8,5.113912396368051,100.0,7.736998093896073,7.736997733444503,7.736997913670288,#d82d28ff,5.000871123030201,7.999116923563019
179,pipe_R_456245.0_5734031.8_to_456249.7_5734029.7,trunk,return,125,R_456245.0_5734031.8,127,R_456249.7_5734029.7,5.113912396368051,100.0,5.259553510803141,5.25955296061204,5.259553235707591,#cee3f2ff,5.000871123030201,7.999116923563019
180,pipe_S_456072.0_5734255.6_to_456035.5_5734244.5,trunk,supply,34,S_456072.0_5734255.6,24,S_456035.5_5734244.5,38.21209232685458,150.0,7.92993713284092,7.917868699643895,7.923902916242408,#cf1e20ff,5.000871123030201,7.999116923563019
181,pipe_R_456035.5_5734244.5_to_456072.0_5734255.6,trunk,return,25,R_456035.5_5734244.5,35,R_456072.0_5734255.6,38.21209232685458,150.0,5.081019563250136,5.069114489514581,5.075067026382358,#dae9f6ff,5.000871123030201,7.999116923563019
182,pipe_S_456154.2_5734347.9_to_456160.6_5734316.8,trunk,supply,80,S_456154.2_5734347.9,88,S_456160.6_5734316.8,31.812477112128576,150.0,7.977275249819052,7.967227991700454,7.972251620759753,#cd1a1eff,5.000871123030201,7.999116923563019
183,pipe_R_456160.6_5734316.8_to_456154.2_5734347.9,trunk,return,89,R_456160.6_5734316.8,81,R_456154.2_5734347.9,31.812477112128576,150.0,5.032328403273134,5.022417145797594,5.027372774535364,#ddebf7ff,5.000871123030201,7.999116923563019
184,pipe_S_456273.7_5734168.1_to_456293.8_5734173.1,trunk,supply,132,S_456273.7_5734168.1,154,S_456293.8_5734173.1,20.72224891274544,125.0,7.707958495097914,7.701224206688639,7.704591350893277,#d9302aff,5.000871123030201,7.999116923563019
185,pipe_R_456293.8_5734173.1_to_456273.7_5734168.1,trunk,return,155,R_456293.8_5734173.1,133,R_456273.7_5734168.1,20.72224891274544,125.0,5.294850389483426,5.288189853245709,5.2915201213645675,#cce2f1ff,5.000871123030201,7.999116923563019
186,pipe_S_456336.8_5734032.7_to_456361.4_5734082.7,trunk,supply,164,S_456336.8_5734032.7,174,S_456361.4_5734082.7,55.75971036533335,100.0,7.736448251217653,7.736245609328778,7.736346930273216,#d82d28ff,5.000871123030201,7.999116923563019
187,pipe_R_456361.4_5734082.7_to_456336.8_5734032.7,trunk,return,175,R_456361.4_5734082.7,165,R_456336.8_5734032.7,55.75971036533335,100.0,5.260393961124539,5.260167337069115,5.260280649096827,#cee3f2ff,5.000871123030201,7.999116923563019
188,pipe_S_456244.9_5734019.1_to_456249.7_5734029.7,trunk,supply,122,S_456244.9_5734019.1,126,S_456249.7_5734029.7,11.570933411414543,100.0,7.736998909467554,7.736998093896073,7.736998501681814,#d82d28ff,5.000871123030201,7.999116923563019
189,pipe_R_456249.7_5734029.7_to_456244.9_5734019.1,trunk,return,127,R_456249.7_5734029.7,123,R_456244.9_5734019.1,11.570933411414543,100.0,5.25955296061204,5.2595517157286515,5.259552338170346,#cee3f2ff,5.000871123030201,7.999116923563019
190,pipe_S_456099.6_5734202.1_to_456113.4_5734208.7,trunk,supply,44,S_456099.6_5734202.1,54,S_456113.4_5734208.7,15.235130455652277,100.0,7.841232819240773,7.841220395092042,7.841226607166407,#d32524ff,5.000871123030201,7.999116923563019
191,pipe_R_456113.4_5734208.7_to_456099.6_5734202.1,trunk,return,55,R_456113.4_5734208.7,45,R_456099.6_5734202.1,15.235130455652277,100.0,5.156682238016537,5.156666811760505,5.156674524888521,#d4e6f4ff,5.000871123030201,7.999116923563019
192,pipe_S_456034.5_5734187.7_to_456058.1_5734196.3,trunk,supply,22,S_456034.5_5734187.7,26,S_456058.1_5734196.3,25.08308792795671,100.0,7.841288041939793,7.8412675868464845,7.8412778143931385,#d32524ff,5.000871123030201,7.999116923563019
193,pipe_R_456058.1_5734196.3_to_456034.5_5734187.7,trunk,return,27,R_456058.1_5734196.3,23,R_456034.5_5734187.7,25.08308792795671,100.0,5.156623643089634,5.156598245332943,5.156610944211288,#d4e6f4ff,5.000871123030201,7.999116923563019
194,pipe_S_456191.2_5734234.8_to_456267.3_5734260.2,trunk,supply,98,S_456191.2_5734234.8,128,S_456267.3_5734260.2,80.24912024436802,100.0,7.841153331474379,7.841087888844381,7.84112061015938,#d32524ff,5.000871123030201,7.999116923563019
195,pipe_R_456267.3_5734260.2_to_456191.2_5734234.8,trunk,return,129,R_456267.3_5734260.2,99,R_456191.2_5734234.8,80.24912024436802,100.0,5.156846762391345,5.15676550654133,5.156806134466338,#d4e6f4ff,5.000871123030201,7.999116923563019
196,pipe_S_456324.9_5733993.0_to_456350.8_5734009.0,trunk,supply,158,S_456324.9_5733993.0,166,S_456350.8_5734009.0,30.469862159111038,100.0,7.736658913720403,7.736548180174959,7.736603546947681,#d82d28ff,5.000871123030201,7.999116923563019
197,pipe_R_456350.8_5734009.0_to_456324.9_5733993.0,trunk,return,167,R_456350.8_5734009.0,159,R_456324.9_5733993.0,30.469862159111038,100.0,5.260055581766769,5.259931743179994,5.259993662473382,#cee3f2ff,5.000871123030201,7.999116923563019
198,pipe_S_456063.4_5734194.5_to_456086.1_5734198.7,trunk,supply,28,S_456063.4_5734194.5,36,S_456086.1_5734198.7,23.07048547395855,100.0,7.841263019639169,7.8412442058099305,7.84125361272455,#d32524ff,5.000871123030201,7.999116923563019
199,pipe_R_456086.1_5734198.7_to_456063.4_5734194.5,trunk,return,37,R_456086.1_5734198.7,29,R_456063.4_5734194.5,23.07048547395855,100.0,5.156652673799425,5.156629313893401,5.156640993846413,#d4e6f4ff,5.000871123030201,7.999116923563019
200,pipe_S_455976.9_5734217.4_to_455964.4_5734213.6,trunk,supply,18,S_455976.9_5734217.4,16,S_455964.4_5734213.6,12.997880596405352,150.0,7.897480780382393,7.89337569102118,7.895428235701786,#d02021ff,5.000871123030201,7.999116923563019
201,pipe_R_455964.4_5734213.6_to_455976.9_5734217.4,trunk,return,17,R_455964.4_5734213.6,19,R_455976.9_5734217.4,12.997880596405352,150.0,5.105181032174775,5.101131509694233,5.1031562709345035,#d8e8f5ff,5.000871123030201,7.999116923563019
202,pipe_S_455876.0_5734137.3_to_455883.6_5734134.2,trunk,supply,2,S_455876.0_5734137.3,6,S_455883.6_5734134.2,8.256106830793373,150.0,7.8414237449174236,7.838889309805999,7.840156527361711,#d32524ff,5.000871123030201,7.999116923563019
203,pipe_R_455883.6_5734134.2_to_455876.0_5734137.3,trunk,return,7,R_455883.6_5734134.2,3,R_455876.0_5734137.3,8.256106830793373,150.0,5.158930222952605,5.1564297517868,5.157679987369702,#d4e6f4ff,5.000871123030201,7.999116923563019
204,pipe_S_456161.2_5734298.1_to_456151.6_5734290.1,trunk,supply,90,S_456161.2_5734298.1,78,S_456151.6_5734290.1,12.456749174782834,150.0,7.961325681774127,7.957391496648067,7.959358589211098,#cd1b1eff,5.000871123030201,7.999116923563019
205,pipe_R_456151.6_5734290.1_to_456161.2_5734298.1,trunk,return,79,R_456151.6_5734290.1,91,R_456161.2_5734298.1,12.456749174782834,150.0,5.042031750591404,5.038150818970005,5.040091284780704,#dceaf7ff,5.000871123030201,7.999116923563019
206,pipe_S_456305.2_5733980.8_to_456324.9_5733993.0,trunk,supply,156,S_456305.2_5733980.8,158,S_456324.9_5733993.0,23.104945358055602,100.0,7.736742881691883,7.736658913720403,7.736700897706143,#d82d28ff,5.000871123030201,7.999116923563019
207,pipe_R_456324.9_5733993.0_to_456305.2_5733980.8,trunk,return,159,R_456324.9_5733993.0,157,R_456305.2_5733980.8,23.104945358055602,100.0,5.259931743179994,5.259837837806686,5.25988479049334,#cee3f2ff,5.000871123030201,7.999116923563019
208,pipe_S_456242.2_5734012.5_to_456305.2_5733980.8,trunk,supply,120,S_456242.2_5734012.5,156,S_456305.2_5733980.8,70.5884558547189,100.0,7.736999414194176,7.736742881691883,7.736871147943029,#d82d28ff,5.000871123030201,7.999116923563019
209,pipe_R_456305.2_5733980.8_to_456242.2_5734012.5,trunk,return,157,R_456305.2_5733980.8,121,R_456242.2_5734012.5,70.5884558547189,100.0,5.259837837806686,5.259550945316982,5.259694391561834,#cee3f2ff,5.000871123030201,7.999116923563019
210,pipe_S_455891.3_5734123.1_to_455903.1_5734115.0,trunk,supply,8,S_455891.3_5734123.1,10,S_455903.1_5734115.0,14.265714142572358,150.0,7.834739940980236,7.830360694495971,7.832550317738104,#d32524ff,5.000871123030201,7.999116923563019
211,pipe_R_455903.1_5734115.0_to_455891.3_5734123.1,trunk,return,11,R_455903.1_5734115.0,9,R_455891.3_5734123.1,14.265714142572358,150.0,5.167344546353836,5.163023986118343,5.165184266236089,#d4e6f4ff,5.000871123030201,7.999116923563019
212,pipe_S_456335.6_5734279.0_to_456352.1_5734279.9,trunk,supply,162,S_456335.6_5734279.0,170,S_456352.1_5734279.9,16.507937484774803,100.0,7.841083480857533,7.841083218956753,7.841083349907143,#d32524ff,5.000871123030201,7.999116923563019
213,pipe_R_456352.1_5734279.9_to_456335.6_5734279.0,trunk,return,171,R_456352.1_5734279.9,163,R_456335.6_5734279.0,16.507937484774803,100.0,5.156853086706396,5.156852657188031,5.156852871947214,#d4e6f4ff,5.000871123030201,7.999116923563019
214,pipe_S_456764.3_5734258.9_to_456771.2_5734259.4,trunk,supply,268,S_456764.3_5734258.9,270,S_456771.2_5734259.4,6.886058379050449,100.0,7.596500985848552,7.596416225439556,7.596458605644054,#df392fff,5.000871123030201,7.999116923563019
215,pipe_R_456771.2_5734259.4_to_456764.3_5734258.9,trunk,return,271,R_456771.2_5734259.4,269,R_456764.3_5734258.9,6.886058379050449,100.0,5.39909838582693,5.399008732999753,5.399053559413341,#c5deefff,5.000871123030201,7.999116923563019
216,pipe_S_456771.2_5734259.4_to_456784.4_5734260.3,trunk,supply,270,S_456771.2_5734259.4,272,S_456784.4_5734260.3,13.281212294074333,100.0,7.596416225439556,7.596343661214018,7.596379943326787,#df392fff,5.000871123030201,7.999116923563019
217,pipe_R_456784.4_5734260.3_to_456771.2_5734259.4,trunk,return,273,R_456784.4_5734260.3,271,R_456771.2_5734259.4,13.281212294074333,100.0,5.399177815983483,5.39909838582693,5.399138100905207,#c5deefff,5.000871123030201,7.999116923563019
218,pipe_S_456784.4_5734260.3_to_456808.9_5734262.0,trunk,supply,272,S_456784.4_5734260.3,274,S_456808.9_5734262.0,24.517626312512878,100.0,7.596343661214018,7.596262111771113,7.596302886492565,#df392fff,5.000871123030201,7.999116923563019
219,pipe_R_456808.9_5734262.0_to_456784.4_5734260.3,trunk,return,275,R_456808.9_5734262.0,273,R_456784.4_5734260.3,24.517626312512878,100.0,5.399269479296123,5.399177815983483,5.399223647639803,#c5deefff,5.000871123030201,7.999116923563019
220,pipe_S_455903.1_5734115.0_to_456069.6_5734117.3,trunk,supply,10,S_455903.1_5734115.0,30,S_456069.6_5734117.3,166.52588417420952,150.0,7.830360694495971,7.779241074018439,7.8048008842572045,#d52825ff,5.000871123030201,7.999116923563019
221,pipe_R_456069.6_5734117.3_to_455903.1_5734115.0,trunk,return,31,R_456069.6_5734117.3,11,R_455903.1_5734115.0,166.52588417420952,150.0,5.217779113186785,5.167344546353836,5.192561829770311,#d2e5f3ff,5.000871123030201,7.999116923563019
222,pipe_S_456233.6_5734016.9_to_456242.2_5734012.5,trunk,supply,112,S_456233.6_5734016.9,120,S_456242.2_5734012.5,9.66433650101971,100.0,7.737039469841319,7.736999414194176,7.737019442017747,#d82d28ff,5.000871123030201,7.999116923563019
223,pipe_R_456242.2_5734012.5_to_456233.6_5734016.9,trunk,return,121,R_456242.2_5734012.5,113,R_456233.6_5734016.9,9.66433650101971,100.0,5.259550945316982,5.259506472452036,5.259528708884509,#cee3f2ff,5.000871123030201,7.999116923563019
224,pipe_S_456058.1_5734196.3_to_456063.4_5734194.5,trunk,supply,26,S_456058.1_5734196.3,28,S_456063.4_5734194.5,5.600544616230924,100.0,7.8412675868464845,7.841263019639169,7.841265303242826,#d32524ff,5.000871123030201,7.999116923563019
225,pipe_R_456063.4_5734194.5_to_456058.1_5734196.3,trunk,return,29,R_456063.4_5734194.5,27,R_456058.1_5734196.3,5.600544616230924,100.0,5.156629313893401,5.156623643089634,5.156626478491518,#d4e6f4ff,5.000871123030201,7.999116923563019
226,pipe_S_456423.8_5734204.9_to_456434.2_5734207.4,trunk,supply,202,S_456423.8_5734204.9,204,S_456434.2_5734207.4,10.6573730346512,100.0,7.6492330952646,7.64580789254754,7.64752049390607,#dc352dff,5.000871123030201,7.999116923563019
227,pipe_R_456434.2_5734207.4_to_456423.8_5734204.9,trunk,return,205,R_456434.2_5734207.4,203,R_456423.8_5734204.9,10.6573730346512,100.0,5.349788819953468,5.346385737986876,5.348087278970172,#c8e0f0ff,5.000871123030201,7.999116923563019
228,pipe_S_456434.2_5734207.4_to_456440.5_5734208.9,trunk,supply,204,S_456434.2_5734207.4,206,S_456440.5_5734208.9,6.471050919161231,100.0,7.64580789254754,7.643746020106776,7.644776956327158,#dc352dff,5.000871123030201,7.999116923563019
229,pipe_R_456440.5_5734208.9_to_456434.2_5734207.4,trunk,return,207,R_456440.5_5734208.9,205,R_456434.2_5734207.4,6.471050919161231,100.0,5.351837522498134,5.349788819953468,5.350813171225801,#c8e0f0ff,5.000871123030201,7.999116923563019
230,pipe_S_456440.5_5734208.9_to_456455.2_5734212.5,trunk,supply,206,S_456440.5_5734208.9,208,S_456455.2_5734212.5,15.132303195677332,100.0,7.643746020106776,7.6389643615357485,7.641355190821262,#dd352dff,5.000871123030201,7.999116923563019
231,pipe_R_456455.2_5734212.5_to_456440.5_5734208.9,trunk,return,209,R_456455.2_5734212.5,207,R_456440.5_5734208.9,15.132303195677332,100.0,5.356588966981443,5.351837522498134,5.354213244739789,#c8e0f0ff,5.000871123030201,7.999116923563019
232,pipe_S_456455.2_5734212.5_to_456461.2_5734213.9,trunk,supply,208,S_456455.2_5734212.5,210,S_456461.2_5734213.9,6.19216440334586,100.0,7.6389643615357485,7.637022075143214,7.637993218339481,#dd352dff,5.000871123030201,7.999116923563019
233,pipe_R_456461.2_5734213.9_to_456455.2_5734212.5,trunk,return,211,R_456461.2_5734213.9,209,R_456455.2_5734212.5,6.19216440334586,100.0,5.358519099110891,5.356588966981443,5.357554033046167,#c7e0f0ff,5.000871123030201,7.999116923563019
234,pipe_S_456461.2_5734213.9_to_456473.8_5734217.0,trunk,supply,210,S_456461.2_5734213.9,212,S_456473.8_5734217.0,12.930034802805283,100.0,7.637022075143214,7.633004276765423,7.6350131759543185,#dd362dff,5.000871123030201,7.999116923563019
235,pipe_R_456473.8_5734217.0_to_456461.2_5734213.9,trunk,return,213,R_456473.8_5734217.0,211,R_456461.2_5734213.9,12.930034802805283,100.0,5.362512069145562,5.358519099110891,5.360515584128226,#c7dff0ff,5.000871123030201,7.999116923563019
236,pipe_S_455851.2_5734174.3_to_455876.0_5734137.3,trunk,supply,0,S_455851.2_5734174.3,2,S_455876.0_5734137.3,44.52025718668817,150.0,7.855484470647283,7.8414237449174236,7.848454107782353,#d32423ff,5.000871123030201,7.999116923563019
237,pipe_R_455876.0_5734137.3_to_455851.2_5734174.3,trunk,return,3,R_455876.0_5734137.3,1,R_455851.2_5734174.3,44.52025718668817,150.0,5.1564297517868,5.142559353379935,5.149494552583368,#d5e6f4ff,5.000871123030201,7.999116923563019
238,pipe_S_456526.7_5734226.5_to_456531.2_5734227.2,trunk,supply,216,S_456526.7_5734226.5,218,S_456531.2_5734227.2,4.63441474199382,100.0,7.616351159967219,7.614919524324755,7.615635342145987,#de372eff,5.000871123030201,7.999116923563019
239,pipe_R_456531.2_5734227.2_to_456526.7_5734226.5,trunk,return,219,R_456531.2_5734227.2,217,R_456526.7_5734226.5,4.63441474199382,100.0,5.380485510919471,5.379062652053715,5.379774081486593,#c6dfefff,5.000871123030201,7.999116923563019
240,pipe_S_456531.2_5734227.2_to_456540.7_5734228.8,trunk,supply,218,S_456531.2_5734227.2,220,S_456540.7_5734228.8,9.635460549350027,100.0,7.614919524324755,7.612116570105028,7.613518047214892,#de372eff,5.000871123030201,7.999116923563019
241,pipe_R_456540.7_5734228.8_to_456531.2_5734227.2,trunk,return,221,R_456540.7_5734228.8,219,R_456531.2_5734227.2,9.635460549350027,100.0,5.383272709049192,5.380485510919471,5.3818791099843315,#c6dfefff,5.000871123030201,7.999116923563019
242,pipe_S_456540.7_5734228.8_to_456552.6_5734230.9,trunk,supply,220,S_456540.7_5734228.8,222,S_456552.6_5734230.9,12.07841877083345,100.0,7.612116570105028,7.609200956475036,7.610658763290032,#de382eff,5.000871123030201,7.999116923563019
243,pipe_R_456552.6_5734230.9_to_456540.7_5734228.8,trunk,return,223,R_456552.6_5734230.9,221,R_456540.7_5734228.8,12.07841877083345,100.0,5.386176831694298,5.383272709049192,5.384724770371745,#c6dfefff,5.000871123030201,7.999116923563019
244,pipe_S_456552.6_5734230.9_to_456556.1_5734231.5,trunk,supply,222,S_456552.6_5734230.9,224,S_456556.1_5734231.5,3.5395197413998356,100.0,7.609200956475036,7.608401771009463,7.608801363742249,#de382eff,5.000871123030201,7.999116923563019
245,pipe_R_456556.1_5734231.5_to_456552.6_5734230.9,trunk,return,225,R_456556.1_5734231.5,223,R_456552.6_5734230.9,3.5395197413998356,100.0,5.38697337869407,5.386176831694298,5.386575105194185,#c6dfefff,5.000871123030201,7.999116923563019
246,pipe_S_456556.1_5734231.5_to_456569.9_5734233.8,trunk,supply,224,S_456556.1_5734231.5,226,S_456569.9_5734233.8,14.006844755305826,100.0,7.608401771009463,7.605678924630528,7.6070403478199955,#de382eff,5.000871123030201,7.999116923563019
247,pipe_R_456569.9_5734233.8_to_456556.1_5734231.5,trunk,return,227,R_456569.9_5734233.8,225,R_456556.1_5734231.5,14.006844755305826,100.0,5.3896913505585715,5.38697337869407,5.38833236462632,#c5dfefff,5.000871123030201,7.999116923563019
248,pipe_S_456569.9_5734233.8_to_456572.2_5734234.2,trunk,supply,226,S_456569.9_5734233.8,228,S_456572.2_5734234.2,2.3426907605844454,100.0,7.605678924630528,7.605293399216584,7.605486161923556,#de382eff,5.000871123030201,7.999116923563019
249,pipe_R_456572.2_5734234.2_to_456569.9_5734233.8,trunk,return,229,R_456572.2_5734234.2,227,R_456569.9_5734233.8,2.3426907605844454,100.0,5.3900768857303305,5.3896913505585715,5.389884118144451,#c5dfefff,5.000871123030201,7.999116923563019
250,pipe_S_456572.2_5734234.2_to_456586.1_5734236.5,trunk,supply,228,S_456572.2_5734234.2,230,S_456586.1_5734236.5,14.066005118695694,100.0,7.605293399216584,7.603162100738611,7.604227749977598,#de382eff,5.000871123030201,7.999116923563019
251,pipe_R_456586.1_5734236.5_to_456572.2_5734234.2,trunk,return,231,R_456586.1_5734236.5,229,R_456572.2_5734234.2,14.066005118695694,100.0,5.39221027516382,5.3900768857303305,5.391143580447075,#c5deefff,5.000871123030201,7.999116923563019
252,pipe_S_456586.1_5734236.5_to_456592.4_5734237.6,trunk,supply,230,S_456586.1_5734236.5,232,S_456592.4_5734237.6,6.400078124570698,100.0,7.603162100738611,7.602366458437651,7.602764279588131,#de382fff,5.000871123030201,7.999116923563019
253,pipe_R_456592.4_5734237.6_to_456586.1_5734236.5,trunk,return,233,R_456592.4_5734237.6,231,R_456586.1_5734236.5,6.400078124570698,100.0,5.39300864844675,5.39221027516382,5.392609461805285,#c5deefff,5.000871123030201,7.999116923563019
254,pipe_S_456592.4_5734237.6_to_456599.6_5734238.8,trunk,supply,232,S_456592.4_5734237.6,234,S_456599.6_5734238.8,7.251661878510525,100.0,7.602366458437651,7.601547011231936,7.601956734834793,#de382fff,5.000871123030201,7.999116923563019
255,pipe_R_456599.6_5734238.8_to_456592.4_5734237.6,trunk,return,235,R_456599.6_5734238.8,233,R_456592.4_5734237.6,7.251661878510525,100.0,5.393831947729131,5.39300864844675,5.393420298087941,#c5deefff,5.000871123030201,7.999116923563019
256,pipe_S_456599.6_5734238.8_to_456615.3_5734241.5,trunk,supply,234,S_456599.6_5734238.8,236,S_456615.3_5734241.5,15.94346261010808,100.0,7.601547011231936,7.600015506689463,7.6007812589607,#df382fff,5.000871123030201,7.999116923563019
257,pipe_R_456615.3_5734241.5_to_456599.6_5734238.8,trunk,return,237,R_456615.3_5734241.5,235,R_456599.6_5734238.8,15.94346261010808,100.0,5.395374169528978,5.393831947729131,5.3946030586290545,#c5deefff,5.000871123030201,7.999116923563019
258,pipe_S_456615.3_5734241.5_to_456616.7_5734241.7,trunk,supply,236,S_456615.3_5734241.5,238,S_456616.7_5734241.7,1.408900280447297,100.0,7.600015506689463,7.599923005247538,7.5999692559685,#df382fff,5.000871123030201,7.999116923563019
259,pipe_R_456616.7_5734241.7_to_456615.3_5734241.5,trunk,return,239,R_456616.7_5734241.7,237,R_456615.3_5734241.5,1.408900280447297,100.0,5.395467885585937,5.395374169528978,5.3954210275574574,#c5deefff,5.000871123030201,7.999116923563019
260,pipe_S_456616.7_5734241.7_to_456630.4_5734244.0,trunk,supply,238,S_456616.7_5734241.7,240,S_456630.4_5734244.0,13.885189951784067,100.0,7.599923005247538,7.599110714184288,7.599516859715913,#df392fff,5.000871123030201,7.999116923563019
261,pipe_R_456630.4_5734244.0_to_456616.7_5734241.7,trunk,return,241,R_456630.4_5734244.0,239,R_456616.7_5734241.7,13.885189951784067,100.0,5.3962925397565025,5.395467885585937,5.395880212671219,#c5deefff,5.000871123030201,7.999116923563019
262,pipe_S_456630.4_5734244.0_to_456635.7_5734244.9,trunk,supply,240,S_456630.4_5734244.0,242,S_456635.7_5734244.9,5.4251728083464235,100.0,7.599110714184288,7.598896139360889,7.5990034267725886,#df392fff,5.000871123030201,7.999116923563019
263,pipe_R_456635.7_5734244.9_to_456630.4_5734244.0,trunk,return,243,R_456635.7_5734244.9,241,R_456630.4_5734244.0,5.4251728083464235,100.0,5.396512096270782,5.3962925397565025,5.396402318013642,#c5deefff,5.000871123030201,7.999116923563019
264,pipe_S_456381.9_5734092.4_to_456388.7_5734105.2,trunk,supply,188,S_456381.9_5734092.4,190,S_456388.7_5734105.2,14.538844520671809,100.0,7.736129971305429,7.736077134249848,7.736103552777639,#d82d29ff,5.000871123030201,7.999116923563019
265,pipe_R_456388.7_5734105.2_to_456381.9_5734092.4,trunk,return,191,R_456388.7_5734105.2,189,R_456381.9_5734092.4,14.538844520671809,100.0,5.2605823748125315,5.260523284622055,5.260552829717293,#cee3f2ff,5.000871123030201,7.999116923563019
266,pipe_S_456367.1_5734079.9_to_456368.7_5734083.1,trunk,supply,178,S_456367.1_5734079.9,180,S_456368.7_5734083.1,3.662690267496879,100.0,7.73622251428662,7.7362092033409695,7.736215858813795,#d82d28ff,5.000871123030201,7.999116923563019
267,pipe_R_456368.7_5734083.1_to_456367.1_5734079.9,trunk,return,181,R_456368.7_5734083.1,179,R_456367.1_5734079.9,3.662690267496879,100.0,5.2604346756709965,5.2604197894078375,5.260427232539417,#cee3f2ff,5.000871123030201,7.999116923563019
268,pipe_S_456192.3_5734140.7_to_456198.2_5734123.1,trunk,supply,100,S_456192.3_5734140.7,104,S_456198.2_5734123.1,18.57205696749511,100.0,7.7375902165930714,7.737503432154106,7.737546824373588,#d82d28ff,5.000871123030201,7.999116923563019
269,pipe_R_456198.2_5734123.1_to_456192.3_5734140.7,trunk,return,105,R_456198.2_5734123.1,101,R_456192.3_5734140.7,18.57205696749511,100.0,5.258991345753334,5.258895599361582,5.258943472557458,#cee3f2ff,5.000871123030201,7.999116923563019
270,pipe_S_456198.2_5734123.1_to_456233.6_5734016.9,trunk,supply,104,S_456198.2_5734123.1,112,S_456233.6_5734016.9,111.94146729447739,100.0,7.737503432154106,7.737039469841319,7.737271450997712,#d82d28ff,5.000871123030201,7.999116923563019
271,pipe_R_456233.6_5734016.9_to_456198.2_5734123.1,trunk,return,113,R_456233.6_5734016.9,105,R_456198.2_5734123.1,111.94146729447739,100.0,5.259506472452036,5.258991345753334,5.259248909102685,#cee3f2ff,5.000871123030201,7.999116923563019
272,pipe_S_456245.0_5734031.8_to_456239.3_5734045.3,trunk,supply,124,S_456245.0_5734031.8,116,S_456239.3_5734045.3,14.664330874814251,100.0,7.736997733444503,7.73699669983644,7.7369972166404715,#d82d28ff,5.000871123030201,7.999116923563019
273,pipe_R_456239.3_5734045.3_to_456245.0_5734031.8,trunk,return,117,R_456239.3_5734045.3,125,R_456245.0_5734031.8,14.664330874814251,100.0,5.259555088496249,5.259553510803141,5.259554299649695,#cee3f2ff,5.000871123030201,7.999116923563019
274,pipe_S_plant_to_trunk,trunk,supply,276,plant_supply,48,S_456106.6_5734318.8,5.592142375185818,150.0,8.0,7.998233847126037,7.999116923563019,#cb181dff,5.000871123030201,7.999116923563019
275,pipe_R_plant_to_trunk,trunk,return,49,R_456106.6_5734318.8,277,plant_return,5.592142375185818,150.0,5.001742246060404,4.999999999999999,5.000871123030201,#deebf7ff,5.000871123030201,7.999116923563019
276,service_S_DEBBAL520000w9Em,service,supply,42,S_456093.5_5734110.2,278,S_B_DEBBAL520000w9Em,17.81542903601346,50.0,7.768033040924648,7.768012623985591,7.768022832455119,#d62b27ff,5.000871123030201,7.999116923563019
277,service_R_DEBBAL520000w9Em,service,return,279,R_B_DEBBAL520000w9Em,43,R_456093.5_5734110.2,17.81542903601346,50.0,5.22886612319715,5.228836947971945,5.228851535584548,#d0e4f2ff,5.000871123030201,7.999116923563019
278,service_S_DEBBAL520000w9Er,service,supply,40,S_456093.4_5734110.1,281,S_B_DEBBAL520000w9Er,18.134885958340252,50.0,7.768059173390678,7.768042485764845,7.768050829577762,#d62b27ff,5.000871123030201,7.999116923563019
279,service_R_DEBBAL520000w9Er,service,return,282,R_B_DEBBAL520000w9Er,41,R_456093.4_5734110.1,18.134885958340252,50.0,5.228835455137358,5.22881116524942,5.228823310193389,#d0e4f2ff,5.000871123030201,7.999116923563019
280,service_S_DEBBAL520000w9Ev,service,supply,46,S_456100.8_5734112.4,284,S_B_DEBBAL520000w9Ev,18.13784547268589,50.0,7.765687416833245,7.765188132015077,7.765437774424161,#d72b27ff,5.000871123030201,7.999116923563019
281,service_R_DEBBAL520000w9Ev,service,return,285,R_B_DEBBAL520000w9Ev,47,R_456100.8_5734112.4,18.13784547268589,50.0,5.231707074662503,5.231151227924917,5.23142915129371,#d0e4f2ff,5.000871123030201,7.999116923563019
282,service_S_DEBBAL520000w9Et,service,supply,50,S_456111.3_5734115.7,287,S_B_DEBBAL520000w9Et,19.747184674795815,50.0,7.762443765093758,7.761058399074566,7.761751082084162,#d72b27ff,5.000871123030201,7.999116923563019
283,service_R_DEBBAL520000w9Et,service,return,288,R_B_DEBBAL520000w9Et,51,R_456111.3_5734115.7,19.747184674795815,50.0,5.235828513428469,5.234352029817972,5.235090271623221,#cfe4f2ff,5.000871123030201,7.999116923563019
284,service_S_DEBBAL520000w9EI,service,supply,66,S_456134.6_5734122.9,290,S_B_DEBBAL520000w9EI,21.868897289188485,50.0,7.755821861460584,7.755081555653077,7.75545170855683,#d72c28ff,5.000871123030201,7.999116923563019
285,service_R_DEBBAL520000w9EI,service,return,291,R_B_DEBBAL520000w9EI,67,R_456134.6_5734122.9,21.868897289188485,50.0,5.241704408001255,5.240889208456577,5.241296808228916,#cfe3f2ff,5.000871123030201,7.999116923563019
286,service_S_DEBBAL520000w9EG,service,supply,60,S_456128.7_5734121.0,293,S_B_DEBBAL520000w9EG,19.8978630842368,50.0,7.757434254476161,7.756897990690201,7.757166122583181,#d72c28ff,5.000871123030201,7.999116923563019
287,service_R_DEBBAL520000w9EG,service,return,294,R_B_DEBBAL520000w9EG,61,R_456128.7_5734121.0,19.8978630842368,50.0,5.23989481733807,5.239297107115817,5.239595962226943,#cfe4f2ff,5.000871123030201,7.999116923563019
288,service_S_DEBBAL520000w9EH,service,supply,58,S_456120.9_5734118.6,296,S_B_DEBBAL520000w9EH,16.388801549504944,50.0,7.759639413065654,7.759058010614486,7.75934871184007,#d72b27ff,5.000871123030201,7.999116923563019
289,service_R_DEBBAL520000w9EH,service,return,297,R_B_DEBBAL520000w9EH,59,R_456120.9_5734118.6,16.388801549504944,50.0,5.237758779097937,5.237120075637203,5.23743942736757,#cfe4f2ff,5.000871123030201,7.999116923563019
290,service_S_DEBBAL520000w9EO,service,supply,76,S_456149.0_5734127.3,299,S_B_DEBBAL520000w9EO,20.31229393048408,50.0,7.750606885920735,7.750048584911974,7.750327735416354,#d72c28ff,5.000871123030201,7.999116923563019
291,service_R_DEBBAL520000w9EO,service,return,300,R_B_DEBBAL520000w9EO,77,R_456149.0_5734127.3,20.31229393048408,50.0,5.246657751825042,5.246036151941681,5.246346951883361,#cfe3f2ff,5.000871123030201,7.999116923563019
292,service_S_DEBBAL520000w9ES,service,supply,82,S_456155.2_5734129.2,302,S_B_DEBBAL520000w9ES,20.397308309498356,50.0,7.748494649535567,7.747944089559084,7.748219369547325,#d72c28ff,5.000871123030201,7.999116923563019
293,service_R_DEBBAL520000w9ES,service,return,303,R_B_DEBBAL520000w9ES,83,R_456155.2_5734129.2,20.397308309498356,50.0,5.2487350916951625,5.248121498629294,5.248428295162228,#cee3f2ff,5.000871123030201,7.999116923563019
294,service_S_DEBBAL520000w9EN,service,supply,70,S_456140.9_5734124.8,305,S_B_DEBBAL520000w9EN,16.799666366963848,50.0,7.753474817324785,7.75222209369012,7.752848455507452,#d72c28ff,5.000871123030201,7.999116923563019
295,service_R_DEBBAL520000w9EN,service,return,306,R_B_DEBBAL520000w9EN,71,R_456140.9_5734124.8,16.799666366963848,50.0,5.244537239351802,5.243205250876706,5.243871245114254,#cfe3f2ff,5.000871123030201,7.999116923563019
296,service_S_DEBBAL520000w9F1,service,supply,92,S_456169.2_5734133.6,308,S_B_DEBBAL520000w9F1,20.64044746024232,50.0,7.744134815430758,7.743575999401157,7.743855407415958,#d82d28ff,5.000871123030201,7.999116923563019
297,service_R_DEBBAL520000w9F1,service,return,309,R_B_DEBBAL520000w9F1,93,R_456169.2_5734133.6,20.64044746024232,50.0,5.253050569461845,5.252427879325373,5.2527392243936095,#cee3f2ff,5.000871123030201,7.999116923563019
298,service_S_DEBBAL520000w9F7,service,supply,94,S_456175.2_5734135.4,311,S_B_DEBBAL520000w9F7,21.101764006734445,50.0,7.7423914665450315,7.741896298068247,7.742143882306639,#d82d28ff,5.000871123030201,7.999116923563019
299,service_R_DEBBAL520000w9F7,service,return,312,R_B_DEBBAL520000w9F7,95,R_456175.2_5734135.4,21.101764006734445,50.0,5.254706688086246,5.25415044887611,5.254428568481178,#cee3f2ff,5.000871123030201,7.999116923563019
300,service_S_DEBBAL520000w9F0,service,supply,84,S_456159.4_5734130.5,314,S_B_DEBBAL520000w9F0,18.39438459133135,50.0,7.747109948616062,7.745119099595031,7.746114524105547,#d72c28ff,5.000871123030201,7.999116923563019
301,service_R_DEBBAL520000w9F0,service,return,315,R_B_DEBBAL520000w9F0,85,R_456159.4_5734130.5,18.39438459133135,50.0,5.2515780008339705,5.249488829436233,5.250533415135102,#cee3f2ff,5.000871123030201,7.999116923563019
302,service_S_DEBBAL520000w9Fk,service,supply,96,S_456189.6_5734139.8,317,S_B_DEBBAL520000w9Fk,20.552024191371842,50.0,7.738333902323115,7.737789229383992,7.738061565853553,#d82d28ff,5.000871123030201,7.999116923563019
303,service_R_DEBBAL520000w9Fk,service,return,318,R_B_DEBBAL520000w9Fk,97,R_456189.6_5734139.8,20.552024191371842,50.0,5.258768110548778,5.2581604632450505,5.258464286896914,#cee3f2ff,5.000871123030201,7.999116923563019
304,service_S_DEBBAL520000w9Fp,service,supply,102,S_456196.2_5734142.0,320,S_B_DEBBAL520000w9Fp,21.69411083501445,50.0,7.736631790134249,7.735931805923027,7.736281798028638,#d82d28ff,5.000871123030201,7.999116923563019
305,service_R_DEBBAL520000w9Fp,service,return,321,R_B_DEBBAL520000w9Fp,103,R_456196.2_5734142.0,21.69411083501445,50.0,5.260616301560692,5.259843596122945,5.260229948841818,#cee3f2ff,5.000871123030201,7.999116923563019
306,service_S_DEBBAL520000w9Fl,service,supply,104,S_456198.2_5734123.1,323,S_B_DEBBAL520000w9Fl,12.68324203038126,50.0,7.737503432154106,7.737485504496985,7.737494468325545,#d82d28ff,5.000871123030201,7.999116923563019
307,service_R_DEBBAL520000w9Fl,service,return,324,R_B_DEBBAL520000w9Fl,105,R_456198.2_5734123.1,12.68324203038126,50.0,5.259016501794344,5.258991345753334,5.2590039237738395,#cee3f2ff,5.000871123030201,7.999116923563019
308,service_S_DEBBAL520000w9Fw,service,supply,106,S_456210.1_5734146.7,326,S_B_DEBBAL520000w9Fw,20.619625436941543,50.0,7.730748331205668,7.730011020642656,7.730379675924162,#d82e29ff,5.000871123030201,7.999116923563019
309,service_R_DEBBAL520000w9Fw,service,return,327,R_B_DEBBAL520000w9Fw,107,R_456210.1_5734146.7,20.619625436941543,50.0,5.266465313341164,5.265655657737481,5.266060485539322,#cde3f2ff,5.000871123030201,7.999116923563019
310,service_S_DEBBAL520000w9FA,service,supply,108,S_456216.1_5734148.7,329,S_B_DEBBAL520000w9FA,20.408740034758292,50.0,7.728343232444995,7.727500804752963,7.72792201859898,#d82e29ff,5.000871123030201,7.999116923563019
311,service_R_DEBBAL520000w9FA,service,return,330,R_B_DEBBAL520000w9FA,109,R_456216.1_5734148.7,20.408740034758292,50.0,5.268950868824584,5.268032243571701,5.268491556198143,#cde3f2ff,5.000871123030201,7.999116923563019
312,service_S_DEBBAL520000w9FD,service,supply,110,S_456230.2_5734153.4,332,S_B_DEBBAL520000w9FD,20.634875586780687,50.0,7.723001356209097,7.722494795179812,7.722748075694454,#d92e29ff,5.000871123030201,7.999116923563019
313,service_R_DEBBAL520000w9FD,service,return,333,R_B_DEBBAL520000w9FD,111,R_456230.2_5734153.4,20.634875586780687,50.0,5.27388006389469,5.273312497420881,5.273596280657785,#cde2f1ff,5.000871123030201,7.999116923563019
314,service_S_DEBBAL520000w9FG,service,supply,114,S_456236.2_5734155.4,335,S_B_DEBBAL520000w9FG,20.41049307442363,50.0,7.7208546086303205,7.720201513473965,7.720528061052143,#d92f29ff,5.000871123030201,7.999116923563019
315,service_R_DEBBAL520000w9FG,service,return,336,R_B_DEBBAL520000w9FG,115,R_456236.2_5734155.4,20.41049307442363,50.0,5.276156280642099,5.275435022728683,5.2757956516853906,#cde2f1ff,5.000871123030201,7.999116923563019
316,service_S_DEBBAL520000w9FH,service,supply,118,S_456241.7_5734157.3,338,S_B_DEBBAL520000w9FH,42.13747638073775,50.0,7.718933047094613,7.718907023057656,7.718920035076135,#d92f29ff,5.000871123030201,7.999116923563019
317,service_R_DEBBAL520000w9FH,service,return,339,R_B_DEBBAL520000w9FH,119,R_456241.7_5734157.3,42.13747638073775,50.0,5.277374574991014,5.277335491682275,5.277355033336645,#cde2f1ff,5.000871123030201,7.999116923563019
318,service_S_DEBBAL520000w9E2,service,supply,116,S_456239.3_5734045.3,341,S_B_DEBBAL520000w9E2,1.2469383452425953,50.0,7.73699669983644,7.73699486617223,7.736995783004335,#d82d28ff,5.000871123030201,7.999116923563019
319,service_R_DEBBAL520000w9E2,service,return,342,R_B_DEBBAL520000w9E2,117,R_456239.3_5734045.3,1.2469383452425953,50.0,5.2595576525476595,5.259555088496249,5.259556370521954,#cee3f2ff,5.000871123030201,7.999116923563019
320,service_S_DEBBAL520000w9FN,service,supply,140,S_456279.5_5734218.4,344,S_B_DEBBAL520000w9FN,32.40793556952511,50.0,7.698927233171052,7.698809485756843,7.6988683594639475,#da302aff,5.000871123030201,7.999116923563019
321,service_R_DEBBAL520000w9FN,service,return,345,R_B_DEBBAL520000w9FN,141,R_456279.5_5734218.4,32.40793556952511,50.0,5.297339338990124,5.29718743581174,5.297263387400932,#cbe2f1ff,5.000871123030201,7.999116923563019
322,service_S_DEBBAL520000w9FS,service,supply,136,S_456277.9_5734223.2,347,S_B_DEBBAL520000w9FS,14.694547852862476,50.0,7.698891209489817,7.698551989018036,7.698721599253926,#da302aff,5.000871123030201,7.999116923563019
323,service_R_DEBBAL520000w9FS,service,return,348,R_B_DEBBAL520000w9FS,137,R_456277.9_5734223.2,14.694547852862476,50.0,5.29760777585423,5.2972263568397056,5.297417066346968,#cbe2f1ff,5.000871123030201,7.999116923563019
324,service_S_DEBBAL520000w9FU,service,supply,142,S_456279.8_5734217.4,350,S_B_DEBBAL520000w9FU,13.881147325380454,50.0,7.698936545641553,7.698621347708253,7.698778946674903,#da302aff,5.000871123030201,7.999116923563019
325,service_R_DEBBAL520000w9FU,service,return,351,R_B_DEBBAL520000w9FU,143,R_456279.8_5734217.4,13.881147325380454,50.0,5.297532213781263,5.2971774649605985,5.29735483937093,#cbe2f1ff,5.000871123030201,7.999116923563019
326,service_S_DEBBAL520000w9FV,service,supply,150,S_456287.0_5734194.5,353,S_B_DEBBAL520000w9FV,17.750670792098934,50.0,7.699601560330008,7.698453644564307,7.699027602447157,#da302aff,5.000871123030201,7.999116923563019
327,service_R_DEBBAL520000w9FV,service,return,354,R_B_DEBBAL520000w9FV,151,R_456287.0_5734194.5,17.750670792098934,50.0,5.297719031554624,5.296491669539741,5.297105350547183,#cbe2f1ff,5.000871123030201,7.999116923563019
328,service_S_DEBBAL520000w9FX,service,supply,134,S_456277.4_5734225.0,356,S_B_DEBBAL520000w9FX,15.051772182555196,50.0,7.69888839464316,7.698182963854514,7.698535679248836,#da302aff,5.000871123030201,7.999116923563019
329,service_R_DEBBAL520000w9FX,service,return,357,R_B_DEBBAL520000w9FX,135,R_456277.4_5734225.0,15.051772182555196,50.0,5.297994395345019,5.297229686091823,5.2976120407184215,#cbe2f1ff,5.000871123030201,7.999116923563019
330,service_S_DEBBAL520000w9FW,service,supply,146,S_456285.2_5734200.3,359,S_B_DEBBAL520000w9FW,13.864754315016405,50.0,7.699343821650165,7.699119109731678,7.6992314656909215,#da302aff,5.000871123030201,7.999116923563019
331,service_R_DEBBAL520000w9FW,service,return,360,R_B_DEBBAL520000w9FW,147,R_456285.2_5734200.3,13.864754315016405,50.0,5.297013198552105,5.296754987313765,5.296884092932935,#cbe2f1ff,5.000871123030201,7.999116923563019
332,service_S_DEBBAL520000w9G0,service,supply,130,S_456271.3_5734261.2,362,S_B_DEBBAL520000w9G0,24.188978476917125,50.0,7.841084539389407,7.840560479756405,7.840822509572906,#d32524ff,5.000871123030201,7.999116923563019
333,service_R_DEBBAL520000w9G0,service,return,363,R_B_DEBBAL520000w9G0,131,R_456271.3_5734261.2,24.188978476917125,50.0,5.157442370850012,5.156850921191367,5.157146646020689,#d4e6f4ff,5.000871123030201,7.999116923563019
334,service_S_DEBBAL520000w9G2,service,supply,138,S_456278.1_5734222.7,365,S_B_DEBBAL520000w9G2,15.226428074275791,50.0,7.698893394564078,7.698451262507765,7.698672328535922,#da302aff,5.000871123030201,7.999116923563019
335,service_R_DEBBAL520000w9G2,service,return,366,R_B_DEBBAL520000w9G2,139,R_456278.1_5734222.7,15.226428074275791,50.0,5.297714712779616,5.297223919100186,5.297469315939901,#cbe2f1ff,5.000871123030201,7.999116923563019
336,service_S_DEBBAL520000w9G3,service,supply,144,S_456280.0_5734216.6,368,S_B_DEBBAL520000w9G3,16.637170877628982,50.0,7.698947982641482,7.69806844815516,7.698508215398322,#da302aff,5.000871123030201,7.999116923563019
337,service_R_DEBBAL520000w9G3,service,return,369,R_B_DEBBAL520000w9G3,145,R_456280.0_5734216.6,16.637170877628982,50.0,5.298113769327736,5.2971654115806635,5.2976395904541995,#cbe2f1ff,5.000871123030201,7.999116923563019
338,service_S_DEBBAL520000w9G4,service,supply,148,S_456285.4_5734199.8,371,S_B_DEBBAL520000w9G4,14.612892781125206,50.0,7.699358787714425,7.698451297214062,7.698905042464244,#da302aff,5.000871123030201,7.999116923563019
339,service_R_DEBBAL520000w9G4,service,return,372,R_B_DEBBAL520000w9G4,149,R_456285.4_5734199.8,14.612892781125206,50.0,5.297711452423435,5.296739562555593,5.2972255074895145,#cbe2f1ff,5.000871123030201,7.999116923563019
340,service_S_DEBBAL520000w9G7,service,supply,152,S_456287.2_5734194.0,374,S_B_DEBBAL520000w9G7,14.317967214002426,50.0,7.699633264178761,7.699332467892013,7.699482866035387,#da302aff,5.000871123030201,7.999116923563019
341,service_R_DEBBAL520000w9G7,service,return,375,R_B_DEBBAL520000w9G7,153,R_456287.2_5734194.0,14.317967214002426,50.0,5.296799611649017,5.2964595123611815,5.2966295620051,#cbe2f1ff,5.000871123030201,7.999116923563019
342,service_S_DEBBAL520000w9Gk,service,supply,168,S_456351.3_5734187.3,377,S_B_DEBBAL520000w9Gk,22.72014219433836,50.0,7.680760402069092,7.680152719567131,7.6804565608181115,#db322bff,5.000871123030201,7.999116923563019
343,service_R_DEBBAL520000w9Gk,service,return,378,R_B_DEBBAL520000w9Gk,169,R_456351.3_5734187.3,22.72014219433836,50.0,5.31580693248798,5.31512933516983,5.315468133828905,#cae1f1ff,5.000871123030201,7.999116923563019
344,service_S_DEBBAL520000w9Gl,service,supply,172,S_456357.5_5734188.8,380,S_B_DEBBAL520000w9Gl,22.865151631492548,50.0,7.677347342533913,7.676578544568752,7.676962943551333,#db322bff,5.000871123030201,7.999116923563019
345,service_R_DEBBAL520000w9Gl,service,return,381,R_B_DEBBAL520000w9Gl,173,R_456357.5_5734188.8,22.865151631492548,50.0,5.319354810671394,5.318507942895324,5.318931376783359,#cae1f0ff,5.000871123030201,7.999116923563019
346,service_S_DEBBAL520000w9Gn,service,supply,182,S_456372.0_5734192.3,383,S_B_DEBBAL520000w9Gn,22.866509450552563,50.0,7.670055477501266,7.669345050721843,7.669700264111555,#db332cff,5.000871123030201,7.999116923563019
347,service_R_DEBBAL520000w9Gn,service,return,384,R_B_DEBBAL520000w9Gn,183,R_456372.0_5734192.3,22.866509450552563,50.0,5.3265156624607055,5.325729877792159,5.326122770126432,#c9e1f0ff,5.000871123030201,7.999116923563019
348,service_S_DEBBAL520000w9Go,service,supply,186,S_456378.2_5734193.8,386,S_B_DEBBAL520000w9Go,22.78705137178638,50.0,7.667132375986811,7.666527544078655,7.666829960032733,#db332cff,5.000871123030201,7.999116923563019
349,service_R_DEBBAL520000w9Go,service,return,387,R_B_DEBBAL520000w9Go,187,R_456378.2_5734193.8,22.78705137178638,50.0,5.329301173014302,5.328626468605666,5.328963820809983,#c9e1f0ff,5.000871123030201,7.999116923563019
350,service_S_DEBBAL520000w9Gs,service,supply,176,S_456364.0_5734285.0,389,S_B_DEBBAL520000w9Gs,46.881115851905285,50.0,7.841083013740723,7.8410699276456235,7.841076470693173,#d32524ff,5.000871123030201,7.999116923563019
351,service_R_DEBBAL520000w9Gs,service,return,390,R_B_DEBBAL520000w9Gs,177,R_456364.0_5734285.0,46.881115851905285,50.0,5.156874098350609,5.156853423261539,5.156863760806074,#d4e6f4ff,5.000871123030201,7.999116923563019
352,service_S_DEBBAL520000w9Gr,service,supply,192,S_456393.0_5734197.4,392,S_B_DEBBAL520000w9Gr,21.985884328637525,50.0,7.660712191216287,7.660288511016575,7.660500351116431,#dc332cff,5.000871123030201,7.999116923563019
353,service_R_DEBBAL520000w9Gr,service,return,393,R_B_DEBBAL520000w9Gr,193,R_456393.0_5734197.4,21.985884328637525,50.0,5.335473281977995,5.334991727787397,5.335232504882696,#c9e0f0ff,5.000871123030201,7.999116923563019
354,service_S_DEBBAL520000w9Gu,service,supply,194,S_456398.9_5734198.8,395,S_B_DEBBAL520000w9Gu,22.063054075013962,50.0,7.658321019392491,7.657740773282493,7.6580308963374915,#dc342cff,5.000871123030201,7.999116923563019
355,service_R_DEBBAL520000w9Gu,service,return,396,R_B_DEBBAL520000w9Gu,195,R_456398.9_5734198.8,22.063054075013962,50.0,5.338011152730962,5.337363543035842,5.337687347883402,#c9e0f0ff,5.000871123030201,7.999116923563019
356,service_S_DEBBAL010009Wc0l,service,supply,198,S_456416.4_5734091.2,398,S_B_DEBBAL010009Wc0l,17.18268954804936,50.0,7.735964484664511,7.733928485338267,7.734946485001389,#d82d29ff,5.000871123030201,7.999116923563019
357,service_R_DEBBAL010009Wc0l,service,return,399,R_B_DEBBAL010009Wc0l,199,R_456416.4_5734091.2,17.18268954804936,50.0,5.262838710671076,5.260708356197785,5.261773533434431,#cee3f2ff,5.000871123030201,7.999116923563019
358,service_S_DEBBAL520000w9GB,service,supply,196,S_456413.7_5734202.5,401,S_B_DEBBAL520000w9GB,20.91011634527363,50.0,7.652729570786533,7.6523785686371575,7.6525540697118455,#dc342cff,5.000871123030201,7.999116923563019
359,service_R_DEBBAL520000w9GB,service,return,402,R_B_DEBBAL520000w9GB,197,R_456413.7_5734202.5,20.91011634527363,50.0,5.343315428577559,5.342913010189742,5.343114219383651,#c8e0f0ff,5.000871123030201,7.999116923563019
360,service_S_DEBBAL520000w9GD,service,supply,200,S_456419.5_5734203.9,404,S_B_DEBBAL520000w9GD,21.262123253252962,50.0,7.650648683606661,7.65024410078033,7.650446392193496,#dc342cff,5.000871123030201,7.999116923563019
361,service_R_DEBBAL520000w9GD,service,return,405,R_B_DEBBAL520000w9GD,201,R_456419.5_5734203.9,21.262123253252962,50.0,5.345439498246791,5.344979291841369,5.34520939504408,#c8e0f0ff,5.000871123030201,7.999116923563019
362,service_S_DEBBAL520000w9GF,service,supply,204,S_456434.2_5734207.4,407,S_B_DEBBAL520000w9GF,21.40213916332164,50.0,7.64580789254754,7.645792146139714,7.645800019343627,#dc352dff,5.000871123030201,7.999116923563019
363,service_R_DEBBAL520000w9GF,service,return,408,R_B_DEBBAL520000w9GF,205,R_456434.2_5734207.4,21.40213916332164,50.0,5.349812155012236,5.349788819953468,5.349800487482852,#c8e0f0ff,5.000871123030201,7.999116923563019
364,service_S_DEBBAL520000w9GH,service,supply,206,S_456440.5_5734208.9,410,S_B_DEBBAL520000w9GH,21.115266897659136,50.0,7.643746020106776,7.643731288745649,7.643738654426213,#dc352dff,5.000871123030201,7.999116923563019
365,service_R_DEBBAL520000w9GH,service,return,411,R_B_DEBBAL520000w9GH,207,R_456440.5_5734208.9,21.115266897659136,50.0,5.351859443415568,5.351837522498134,5.351848482956852,#c8e0f0ff,5.000871123030201,7.999116923563019
366,service_S_DEBBAL520000w9GK,service,supply,208,S_456455.2_5734212.5,413,S_B_DEBBAL520000w9GK,19.714935473816727,50.0,7.6389643615357485,7.638952628762661,7.638958495149205,#dd352dff,5.000871123030201,7.999116923563019
367,service_R_DEBBAL520000w9GK,service,return,414,R_B_DEBBAL520000w9GK,209,R_456455.2_5734212.5,19.714935473816727,50.0,5.3566066356847735,5.356588966981443,5.356597801333108,#c8e0f0ff,5.000871123030201,7.999116923563019
368,service_S_DEBBAL520000w9GN,service,supply,210,S_456461.2_5734213.9,416,S_B_DEBBAL520000w9GN,19.88049474746837,50.0,7.637022075143214,7.637005990963759,7.637014033053487,#dd352dff,5.000871123030201,7.999116923563019
369,service_R_DEBBAL520000w9GN,service,return,417,R_B_DEBBAL520000w9GN,211,R_456461.2_5734213.9,19.88049474746837,50.0,5.358542756505721,5.358519099110891,5.358530927808307,#c7e0f0ff,5.000871123030201,7.999116923563019
370,service_S_DEBBAL520000w9vF,service,supply,214,S_456502.2_5734222.1,419,S_B_DEBBAL520000w9vF,20.80599955741548,50.0,7.624015767277837,7.624006525773743,7.62401114652579,#dd362eff,5.000871123030201,7.999116923563019
371,service_R_DEBBAL520000w9vF,service,return,420,R_B_DEBBAL520000w9vF,215,R_456502.2_5734222.1,20.80599955741548,50.0,5.371459236844374,5.3714450333377615,5.371452135091068,#c7dfefff,5.000871123030201,7.999116923563019
372,service_S_DEBBAL520000w9vV,service,supply,218,S_456531.2_5734227.2,422,S_B_DEBBAL520000w9vV,21.118013797328164,50.0,7.614919524324755,7.614636442760428,7.6147779835425915,#de372eff,5.000871123030201,7.999116923563019
373,service_R_DEBBAL520000w9vV,service,return,423,R_B_DEBBAL520000w9vV,219,R_456531.2_5734227.2,21.118013797328164,50.0,5.380814924845875,5.380485510919471,5.380650217882673,#c6dfefff,5.000871123030201,7.999116923563019
374,service_S_DEBBAL520000w9w2,service,supply,220,S_456540.7_5734228.8,425,S_B_DEBBAL520000w9w2,18.585871881712208,50.0,7.612116570105028,7.6103549669390524,7.61123576852204,#de382eff,5.000871123030201,7.999116923563019
375,service_R_DEBBAL520000w9w2,service,return,426,R_B_DEBBAL520000w9w2,221,R_456540.7_5734228.8,18.585871881712208,50.0,5.38512956937343,5.383272709049192,5.384201139211311,#c6dfefff,5.000871123030201,7.999116923563019
376,service_S_DEBBAL520000w9w4,service,supply,222,S_456552.6_5734230.9,428,S_B_DEBBAL520000w9w4,21.259823591547484,50.0,7.609200956475036,7.608925163835633,7.609063060155334,#de382eff,5.000871123030201,7.999116923563019
377,service_R_DEBBAL520000w9w4,service,return,429,R_B_DEBBAL520000w9w4,223,R_456552.6_5734230.9,21.259823591547484,50.0,5.386498485603475,5.386176831694298,5.386337658648887,#c6dfefff,5.000871123030201,7.999116923563019
378,service_S_DEBBAL520000w9wh,service,supply,228,S_456572.2_5734234.2,431,S_B_DEBBAL520000w9wh,21.283184567325673,50.0,7.605293399216584,7.605009338754096,7.605151368985339,#de382eff,5.000871123030201,7.999116923563019
379,service_R_DEBBAL520000w9wh,service,return,432,R_B_DEBBAL520000w9wh,229,R_456572.2_5734234.2,21.283184567325673,50.0,5.390407536720841,5.3900768857303305,5.390242211225585,#c5dfefff,5.000871123030201,7.999116923563019
380,service_S_DEBBAL520000w9wc,service,supply,224,S_456556.1_5734231.5,434,S_B_DEBBAL520000w9wc,15.815377572973743,50.0,7.608401771009463,7.607605900675971,7.608003835842717,#de382eff,5.000871123030201,7.999116923563019
381,service_R_DEBBAL520000w9wc,service,return,435,R_B_DEBBAL520000w9wc,225,R_456556.1_5734231.5,15.815377572973743,50.0,5.387833381173059,5.38697337869407,5.3874033799335646,#c6dfefff,5.000871123030201,7.999116923563019
382,service_S_DEBBAL520000w9wl,service,supply,226,S_456569.9_5734233.8,437,S_B_DEBBAL520000w9wl,15.87589208488385,50.0,7.605678924630528,7.604837818289965,7.605258371460247,#de382eff,5.000871123030201,7.999116923563019
383,service_R_DEBBAL520000w9wl,service,return,438,R_B_DEBBAL520000w9wl,227,R_456569.9_5734233.8,15.87589208488385,50.0,5.390598188059875,5.3896913505585715,5.390144769309224,#c5dfefff,5.000871123030201,7.999116923563019
384,service_S_DEBBAL520000w9wt,service,supply,232,S_456592.4_5734237.6,440,S_B_DEBBAL520000w9wt,21.043917963521846,50.0,7.602366458437651,7.602084981076682,7.6022257197571665,#de382fff,5.000871123030201,7.999116923563019
385,service_R_DEBBAL520000w9wt,service,return,441,R_B_DEBBAL520000w9wt,233,R_456592.4_5734237.6,21.043917963521846,50.0,5.393336244091582,5.39300864844675,5.3931724462691655,#c5deefff,5.000871123030201,7.999116923563019
386,service_S_DEBBAL520000w9wv,service,supply,230,S_456586.1_5734236.5,443,S_B_DEBBAL520000w9wv,17.92066752421266,50.0,7.603162100738611,7.6021394731766865,7.602650786957649,#de382fff,5.000871123030201,7.999116923563019
387,service_R_DEBBAL520000w9wv,service,return,444,R_B_DEBBAL520000w9wv,231,R_456586.1_5734236.5,17.92066752421266,50.0,5.393309323568112,5.39221027516382,5.392759799365966,#c5deefff,5.000871123030201,7.999116923563019
388,service_S_DEBBAL520000w9wD,service,supply,234,S_456599.6_5734238.8,446,S_B_DEBBAL520000w9wD,17.222706945362233,50.0,7.601547011231936,7.601017213223027,7.601282112227482,#de382fff,5.000871123030201,7.999116923563019
389,service_R_DEBBAL520000w9wD,service,return,447,R_B_DEBBAL520000w9wD,235,R_456599.6_5734238.8,17.222706945362233,50.0,5.394418250146481,5.393831947729131,5.394125098937806,#c5deefff,5.000871123030201,7.999116923563019
390,service_S_DEBBAL520000w9wJ,service,supply,238,S_456616.7_5734241.7,449,S_B_DEBBAL520000w9wJ,24.55461453051771,50.0,7.599923005247538,7.599662679993047,7.5997928426202925,#df382fff,5.000871123030201,7.999116923563019
391,service_R_DEBBAL520000w9wJ,service,return,450,R_B_DEBBAL520000w9wJ,239,R_456616.7_5734241.7,24.55461453051771,50.0,5.395775862342704,5.395467885585937,5.395621873964321,#c5deefff,5.000871123030201,7.999116923563019
392,service_S_DEBBAL520000w9wQ,service,supply,236,S_456615.3_5734241.5,452,S_B_DEBBAL520000w9wQ,19.420008586628015,50.0,7.600015506689463,7.597742052021454,7.598878779355458,#df392fff,5.000871123030201,7.999116923563019
393,service_R_DEBBAL520000w9wQ,service,return,453,R_B_DEBBAL520000w9wQ,237,R_456615.3_5734241.5,19.420008586628015,50.0,5.397753891262529,5.395374169528978,5.396564030395753,#c5deefff,5.000871123030201,7.999116923563019
394,service_S_DEBBAL520000w9x3,service,supply,240,S_456630.4_5734244.0,455,S_B_DEBBAL520000w9x3,19.85616179362119,50.0,7.599110714184288,7.597585259500772,7.59834798684253,#df392fff,5.000871123030201,7.999116923563019
395,service_R_DEBBAL520000w9x3,service,return,456,R_B_DEBBAL520000w9x3,241,R_456630.4_5734244.0,19.85616179362119,50.0,5.397912690401816,5.3962925397565025,5.3971026150791594,#c5deefff,5.000871123030201,7.999116923563019
396,service_S_DEBBAL520000w9xd,service,supply,244,S_456646.1_5734246.2,458,S_B_DEBBAL520000w9xd,15.727386378112131,50.0,7.598481888184466,7.597764155964894,7.59812302207468,#df392fff,5.000871123030201,7.999116923563019
397,service_R_DEBBAL520000w9xd,service,return,459,R_B_DEBBAL520000w9xd,245,R_456646.1_5734246.2,15.727386378112131,50.0,5.397714955047306,5.3969359649376205,5.397325459992463,#c5deefff,5.000871123030201,7.999116923563019
398,service_S_DEBBAL520000w9xk,service,supply,248,S_456660.5_5734248.0,461,S_B_DEBBAL520000w9xk,16.37694792780679,50.0,7.598080003384073,7.597278570010471,7.5976792866972716,#df392fff,5.000871123030201,7.999116923563019
399,service_R_DEBBAL520000w9xk,service,return,462,R_B_DEBBAL520000w9xk,249,R_456660.5_5734248.0,16.37694792780679,50.0,5.398217760600778,5.397350671073513,5.397784215837145,#c5deefff,5.000871123030201,7.999116923563019
400,service_S_DEBBAL520000w9xC,service,supply,256,S_456705.1_5734252.9,464,S_B_DEBBAL520000w9xC,20.128675831910535,50.0,7.597305020473883,7.597277022779582,7.597291021626733,#df392fff,5.000871123030201,7.999116923563019
401,service_R_DEBBAL520000w9xC,service,return,465,R_B_DEBBAL520000w9xC,257,R_456705.1_5734252.9,20.128675831910535,50.0,5.398200450042268,5.398161108253675,5.398180779147971,#c5deefff,5.000871123030201,7.999116923563019
402,service_S_DEBBAL520000w9xz,service,supply,254,S_456692.4_5734251.6,467,S_B_DEBBAL520000w9xz,20.049893829806475,50.0,7.597515789236051,7.5974879625608,7.597501875898425,#df392fff,5.000871123030201,7.999116923563019
403,service_R_DEBBAL520000w9xz,service,return,468,R_B_DEBBAL520000w9xz,255,R_456692.4_5734251.6,20.049893829806475,50.0,5.3979795039698555,5.397940394932272,5.397959949451064,#c5deefff,5.000871123030201,7.999116923563019
404,service_S_DEBBAL520000w9xE,service,supply,258,S_456705.3_5734252.9,470,S_B_DEBBAL520000w9xE,15.342273718350276,50.0,7.597302666336137,7.597285372802046,7.597294019569092,#df392fff,5.000871123030201,7.999116923563019
405,service_R_DEBBAL520000w9xE,service,return,471,R_B_DEBBAL520000w9xE,259,R_456705.3_5734252.9,15.342273718350276,50.0,5.398188325393915,5.398163578385071,5.398175951889493,#c5deefff,5.000871123030201,7.999116923563019
406,service_S_DEBBAL520000w9xL,service,supply,262,S_456727.9_5734211.4,473,S_B_DEBBAL520000w9xL,10.383417674923038,50.0,7.5965005165725055,7.59649914620771,7.5964998313901075,#df392fff,5.000871123030201,7.999116923563019
407,service_R_DEBBAL520000w9xL,service,return,474,R_B_DEBBAL520000w9xL,263,R_456727.9_5734211.4,10.383417674923038,50.0,5.3990117500116295,5.399009514756265,5.399010632383947,#c5deefff,5.000871123030201,7.999116923563019
408,service_S_DEBBAL520000w9xO,service,supply,264,S_456730.6_5734255.5,476,S_B_DEBBAL520000w9xO,22.562797581448546,50.0,7.596935789778483,7.596912911116364,7.5969243504474235,#df392fff,5.000871123030201,7.999116923563019
409,service_R_DEBBAL520000w9xO,service,return,477,R_B_DEBBAL520000w9xO,265,R_456730.6_5734255.5,22.562797581448546,50.0,5.398582546170445,5.398549512362334,5.398566029266389,#c5deefff,5.000871123030201,7.999116923563019
410,service_S_DEBBAL520000w9xM,service,supply,260,S_456720.8_5734254.5,479,S_B_DEBBAL520000w9xM,14.745952351542332,50.0,7.59707307193326,7.597055653851484,7.597064362892372,#df392fff,5.000871123030201,7.999116923563019
411,service_R_DEBBAL520000w9xM,service,return,480,R_B_DEBBAL520000w9xM,261,R_456720.8_5734254.5,14.745952351542332,50.0,5.3984297465990165,5.398404921123738,5.398417333861378,#c5deefff,5.000871123030201,7.999116923563019
412,service_S_DEBBAL520000w9vo,service,supply,266,S_456748.7_5734257.3,482,S_B_DEBBAL520000w9vo,21.791791600553037,50.0,7.596696478440164,7.596673171058672,7.596684824749418,#df392fff,5.000871123030201,7.999116923563019
413,service_R_DEBBAL520000w9vo,service,return,483,R_B_DEBBAL520000w9vo,267,R_456748.7_5734257.3,21.791791600553037,50.0,5.3988355341080485,5.398802032168131,5.39881878313809,#c5deefff,5.000871123030201,7.999116923563019
414,service_S_DEBBAL520000w9xU,service,supply,270,S_456771.2_5734259.4,485,S_B_DEBBAL520000w9xU,23.407145297857912,50.0,7.596416225439556,7.595062374607982,7.595739300023769,#df392fff,5.000871123030201,7.999116923563019
415,service_R_DEBBAL520000w9xU,service,return,486,R_B_DEBBAL520000w9xU,271,R_456771.2_5734259.4,23.407145297857912,50.0,5.400552584466821,5.39909838582693,5.399825485146875,#c5deefff,5.000871123030201,7.999116923563019
416,service_S_DEBBAL520000w9xY,service,supply,272,S_456784.4_5734260.3,488,S_B_DEBBAL520000w9xY,24.168354648554175,50.0,7.596343661214018,7.596029446445818,7.596186553829918,#df392fff,5.000871123030201,7.999116923563019
417,service_R_DEBBAL520000w9xY,service,return,489,R_B_DEBBAL520000w9xY,273,R_456784.4_5734260.3,24.168354648554175,50.0,5.399544225649156,5.399177815983483,5.39936102081632,#c5deefff,5.000871123030201,7.999116923563019
418,service_S_DEBBAL520000w9y3,service,supply,274,S_456808.9_5734262.0,491,S_B_DEBBAL520000w9y3,25.449695532314173,50.0,7.596262111771113,7.593515970731034,7.594889041251074,#df392fff,5.000871123030201,7.999116923563019
419,service_R_DEBBAL520000w9y3,service,return,492,R_B_DEBBAL520000w9y3,275,R_456808.9_5734262.0,25.449695532314173,50.0,5.402151529288935,5.399269479296123,5.40071050429253,#c5deefff,5.000871123030201,7.999116923563019
